BOLSIG+ version: 07/2024
Collision input data:
--------------------------------------------------
He                                                              
SigloDataBase-LXCat-04Jun2013.txt
How to reference in publications:
1) PHELPS database, http://www.lxcat.laplace.univ-tlse.fr, retrieved June 4, 2013
--------------------------------------------------
N2                                                              
SigloDataBase-LXCat-04Jun2013.txt
How to reference in publications:
1) A.V. Phelps and L.C. Pitchford, Phys. Rev. A 31, 2932 (1985)
2) SIGLO database, http://www.lxcat.laplace.univ-tlse.fr, retrieved June 4, 2013
--------------------------------------------------
O2                                                              
SigloDataBase-LXCat-04Jun2013.txt
How to reference in publications:
1) Lawton and Phelps, J. Chem. Phys. 69, 1055(1978).
2) PHELPS database, http://www.lxcat.laplace.univ-tlse.fr, retrieved June 4, 2013
NOTE:3 body attachment cross section are normalized to gas density in units of cm-3.



C1 Input cross section
EFFECTIVE
He                                                              
  0.136000E-03
--------------------------------
0.00000	0.496000E-19
0.100000E-02	0.498000E-19
0.200000E-02	0.502000E-19
0.300000E-02	0.507000E-19
0.500000E-02	0.512000E-19
0.700000E-02	0.515000E-19
0.850000E-02	0.518000E-19
0.100000E-01	0.521000E-19
0.150000E-01	0.528000E-19
0.200000E-01	0.535000E-19
0.300000E-01	0.546000E-19
0.400000E-01	0.554000E-19
0.500000E-01	0.562000E-19
0.700000E-01	0.574000E-19
0.100000	0.586000E-19
0.120000	0.594000E-19
0.150000	0.604000E-19
0.170000	0.608000E-19
0.200000	0.616000E-19
0.250000	0.627000E-19
0.300000	0.635000E-19
0.350000	0.642000E-19
0.400000	0.649000E-19
0.500000	0.659000E-19
0.700000	0.673000E-19
1.00000	0.685000E-19
1.20000	0.691000E-19
1.30000	0.692000E-19
1.50000	0.696000E-19
1.70000	0.697000E-19
1.90000	0.698000E-19
2.10000	0.698000E-19
2.20000	0.698000E-19
2.50000	0.696000E-19
2.80000	0.692000E-19
3.00000	0.689000E-19
3.30000	0.682000E-19
3.60000	0.673000E-19
4.00000	0.660000E-19
4.50000	0.649000E-19
5.00000	0.631000E-19
6.00000	0.600000E-19
7.00000	0.568000E-19
8.00000	0.535000E-19
10.0000	0.472000E-19
12.0000	0.420000E-19
15.0000	0.350000E-19
17.0000	0.315000E-19
20.0000	0.264000E-19
25.0000	0.205000E-19
30.0000	0.174000E-19
50.0000	0.110000E-19
75.0000	0.880000E-20
100.000	0.750000E-20
150.000	0.605000E-20
200.000	0.520000E-20
300.000	0.410000E-20
500.000	0.300000E-20
750.000	0.235000E-20
1000.00	0.170000E-20
--------------------------------
Extra points added by BOLSIG+:
1300.00	0.135736E-20
1690.00	0.108233E-20
2197.00	0.861950E-21
2856.10	0.685645E-21
3712.93	0.544810E-21
4826.81	0.432461E-21
6274.85	0.342952E-21
8157.30	0.271725E-21
10604.5	0.215108E-21


C2 Input cross section
EXCITATION
He                                                              
   19.8000       1.00000    
--------------------------------
19.8000	0.00000
20.0200	0.410000E-21
20.2400	0.460000E-21
21.4500	0.420000E-21
21.8000	0.550000E-21
22.4500	0.550000E-21
24.2200	0.730000E-21
25.3200	0.920000E-21
27.5300	0.108000E-20
29.7500	0.116000E-20
34.1800	0.121000E-20
46.3000	0.121000E-20
100.000	0.115000E-20
200.000	0.100000E-20
400.000	0.600000E-21
700.000	0.350000E-21
1000.00	0.250000E-21
--------------------------------
Extra points added by BOLSIG+:
1300.00	0.201812E-21
1690.00	0.162552E-21
2197.00	0.130664E-21
2856.10	0.104837E-21
3712.93	0.839717E-22
4826.81	0.671535E-22
6274.85	0.536257E-22
8157.30	0.427653E-22
10604.5	0.340615E-22


C3 Input cross section
IONIZATION
He                                                              
   24.5800    
--------------------------------
0.00000	0.00000
24.6000	0.00000
30.0000	0.710000E-21
34.0000	0.121000E-20
40.0000	0.178000E-20
45.0000	0.212000E-20
50.0000	0.242000E-20
60.0000	0.289000E-20
70.0000	0.313000E-20
80.0000	0.332000E-20
90.0000	0.344000E-20
100.000	0.351000E-20
150.000	0.346000E-20
200.000	0.324000E-20
300.000	0.290000E-20
500.000	0.220000E-20
700.000	0.180000E-20
1000.00	0.140000E-20
--------------------------------
Extra points added by BOLSIG+:
1300.00	0.113241E-20
1690.00	0.913767E-21
2197.00	0.735730E-21
2856.10	0.591202E-21
3712.93	0.474198E-21
4826.81	0.379712E-21
6274.85	0.303582E-21
8157.30	0.242367E-21
10604.5	0.193239E-21


C4 Input cross section
ELASTIC
N2                                                              
  0.195000E-04
--------------------------------
0.00000	0.110000E-19
0.100000E-01	0.219000E-19
0.150000E-01	0.255000E-19
0.200000E-01	0.285000E-19
0.300000E-01	0.338000E-19
0.400000E-01	0.382000E-19
0.500000E-01	0.430000E-19
0.700000E-01	0.508000E-19
0.100000	0.592000E-19
0.120000	0.642000E-19
0.150000	0.708000E-19
0.170000	0.738000E-19
0.200000	0.788000E-19
0.250000	0.848000E-19
0.300000	0.898000E-19
0.350000	0.936000E-19
0.400000	0.967000E-19
0.500000	0.987000E-19
0.700000	0.997000E-19
1.00000	0.996000E-19
1.20000	0.103400E-18
1.30000	0.109200E-18
1.50000	0.118700E-18
1.70000	0.134700E-18
1.90000	0.164100E-18
2.10000	0.168500E-18
2.20000	0.180200E-18
2.50000	0.179200E-18
2.80000	0.210000E-18
3.00000	0.172000E-18
3.30000	0.153000E-18
3.60000	0.139600E-18
4.00000	0.124200E-18
4.50000	0.111900E-18
5.00000	0.108600E-18
6.00000	0.103600E-18
7.00000	0.100000E-18
8.00000	0.102000E-18
10.0000	0.990000E-19
12.0000	0.950000E-19
15.0000	0.870000E-19
17.0000	0.826000E-19
20.0000	0.760000E-19
25.0000	0.670000E-19
30.0000	0.590000E-19
50.0000	0.380000E-19
75.0000	0.256000E-19
100.000	0.180000E-19
150.000	0.113000E-19
200.000	0.800000E-20
300.000	0.480000E-20
500.000	0.230000E-20
700.000	0.143000E-20
1000.00	0.700000E-21
--------------------------------
Extra points added by BOLSIG+:
1300.00	0.558913E-21
1690.00	0.445665E-21
2197.00	0.354921E-21
2856.10	0.282325E-21
3712.93	0.224333E-21
4826.81	0.178072E-21
6274.85	0.141216E-21
8157.30	0.111887E-21
10604.5	0.885738E-22


C5 Input cross section
EXCITATION
N2                                                              
  0.200000E-01   1.00000    
--------------------------------
0.200000E-01	0.00000
0.300000E-01	0.250000E-21
0.400000	0.250000E-21
0.800000	0.250000E-21
1.20000	0.470000E-21
1.60000	0.860000E-21
1.70000	0.150000E-20
1.80000	0.235000E-20
1.90000	0.108000E-19
2.00000	0.190000E-19
2.10000	0.203000E-19
2.20000	0.277000E-19
2.30000	0.250000E-19
2.40000	0.219000E-19
2.50000	0.240000E-19
2.60000	0.217000E-19
2.70000	0.162000E-19
2.80000	0.138000E-19
2.90000	0.118000E-19
3.00000	0.103000E-19
3.10000	0.840000E-20
3.20000	0.690000E-20
3.30000	0.500000E-20
3.60000	0.170000E-20
5.00000	0.00000
--------------------------------


C6 Input cross section
EXCITATION
N2                                                              
  0.290000       1.00000    
--------------------------------
0.290000	0.00000
0.300000	0.100000E-22
0.330000	0.170000E-22
0.400000	0.250000E-22
0.750000	0.370000E-22
0.900000	0.550000E-22
1.00000	0.650000E-22
1.10000	0.900000E-22
1.16000	0.110000E-21
1.20000	0.125000E-21
1.22000	0.135000E-21
1.40000	0.700000E-21
1.50000	0.100000E-20
1.60000	0.150000E-20
1.65000	0.00000
3.60000	0.00000
4.00000	0.550000E-21
5.00000	0.350000E-21
15.0000	0.350000E-21
18.0000	0.400000E-21
20.0000	0.650000E-21
22.0000	0.850000E-21
23.0000	0.850000E-21
25.0000	0.600000E-21
29.0000	0.300000E-21
32.0000	0.150000E-21
50.0000	0.120000E-21
80.0000	0.00000
--------------------------------


C7 Input cross section
EXCITATION
N2                                                              
  0.291000       1.00000    
--------------------------------
0.291000	0.00000
1.60000	0.00000
1.65000	0.270000E-20
1.70000	0.315000E-20
1.80000	0.540000E-20
1.90000	0.148500E-19
2.00000	0.480000E-19
2.10000	0.256500E-19
2.20000	0.120000E-19
2.30000	0.450000E-19
2.40000	0.276000E-19
2.50000	0.159000E-19
2.60000	0.315000E-19
2.70000	0.154500E-19
2.75000	0.600000E-20
2.80000	0.135000E-19
2.90000	0.525000E-20
3.00000	0.870000E-20
3.10000	0.117000E-19
3.20000	0.855000E-20
3.30000	0.660000E-20
3.40000	0.600000E-20
3.50000	0.585000E-20
3.60000	0.570000E-20
4.00000	0.00000
--------------------------------


C8 Input cross section
EXCITATION
N2                                                              
  0.590000       1.00000    
--------------------------------
0.590000	0.00000
1.70000	0.00000
1.80000	0.150000E-21
1.90000	0.630000E-20
2.00000	0.193500E-19
2.10000	0.330000E-19
2.20000	0.147000E-19
2.30000	0.540000E-20
2.40000	0.211500E-19
2.50000	0.300000E-19
2.60000	0.540000E-20
2.70000	0.105000E-19
2.75000	0.172500E-19
2.80000	0.127500E-19
2.90000	0.330000E-20
3.00000	0.900000E-20
3.10000	0.645000E-20
3.20000	0.375000E-20
3.30000	0.345000E-20
3.40000	0.300000E-20
3.50000	0.213000E-20
3.60000	0.00000
--------------------------------


C9 Input cross section
EXCITATION
N2                                                              
  0.880000       1.00000    
--------------------------------
0.880000	0.00000
1.90000	0.00000
2.00000	0.960000E-20
2.10000	0.205500E-19
2.20000	0.270000E-19
2.30000	0.169500E-19
2.40000	0.750000E-21
2.50000	0.960000E-20
2.60000	0.147000E-19
2.70000	0.450000E-20
2.75000	0.960000E-20
2.80000	0.540000E-20
2.90000	0.855000E-20
3.00000	0.405000E-20
3.10000	0.282000E-20
3.20000	0.291000E-20
3.30000	0.615000E-21
3.40000	0.00000
--------------------------------


C10 Input cross section
EXCITATION
N2                                                              
   1.17000       1.00000    
--------------------------------
1.17000	0.00000
2.00000	0.00000
2.10000	0.202500E-20
2.20000	0.151500E-19
2.30000	0.238500E-19
2.40000	0.144000E-19
2.50000	0.555000E-20
2.60000	0.825000E-21
2.70000	0.120000E-19
2.75000	0.109500E-19
2.80000	0.675000E-20
2.90000	0.300000E-21
3.00000	0.330000E-20
3.10000	0.315000E-20
3.20000	0.600000E-21
3.30000	0.00000
--------------------------------


C11 Input cross section
EXCITATION
N2                                                              
   1.47000       1.00000    
--------------------------------
1.47000	0.00000
2.10000	0.00000
2.20000	0.825000E-20
2.30000	0.123000E-19
2.40000	0.153000E-19
2.50000	0.144000E-19
2.60000	0.345000E-20
2.70000	0.225000E-21
2.75000	0.345000E-20
2.80000	0.540000E-20
2.90000	0.660000E-20
3.00000	0.217500E-20
3.10000	0.105000E-20
3.20000	0.315000E-20
3.30000	0.103500E-20
3.40000	0.00000
--------------------------------


C12 Input cross section
EXCITATION
N2                                                              
   1.76000       1.00000    
--------------------------------
1.76000	0.00000
2.20000	0.00000
2.30000	0.630000E-22
2.40000	0.112500E-19
2.50000	0.174000E-19
2.60000	0.138000E-19
2.70000	0.780000E-20
2.75000	0.450000E-20
2.80000	0.315000E-20
2.90000	0.246000E-20
3.00000	0.480000E-20
3.10000	0.163500E-20
3.20000	0.00000
--------------------------------


C13 Input cross section
EXCITATION
N2                                                              
   2.06000       1.00000    
--------------------------------
2.06000	0.00000
2.30000	0.00000
2.40000	0.126000E-21
2.50000	0.390000E-20
2.60000	0.660000E-20
2.70000	0.960000E-20
2.75000	0.795000E-20
2.80000	0.600000E-20
2.90000	0.180000E-20
3.00000	0.630000E-22
3.10000	0.192000E-20
3.20000	0.204000E-20
3.30000	0.780000E-21
3.40000	0.189000E-21
3.50000	0.00000
--------------------------------


C14 Input cross section
EXCITATION
N2                                                              
   2.35000       1.00000    
--------------------------------
2.35000	0.00000
2.50000	0.00000
2.60000	0.189000E-21
2.70000	0.360000E-20
2.75000	0.360000E-20
2.80000	0.330000E-20
2.90000	0.345000E-20
3.00000	0.264000E-20
3.10000	0.375000E-21
3.20000	0.630000E-22
3.30000	0.154500E-20
3.40000	0.252000E-21
3.50000	0.00000
--------------------------------


C15 Input cross section
EXCITATION
N2                                                              
   6.17000       1.00000    
--------------------------------
6.17000	0.00000
7.00000	0.100000E-22
7.80000	0.280000E-22
8.50000	0.430000E-22
9.00000	0.520000E-22
10.0000	0.820000E-22
11.0000	0.100000E-21
12.0000	0.120000E-21
13.0000	0.130000E-21
14.0000	0.140000E-21
16.0000	0.150000E-21
17.0000	0.150000E-21
18.0000	0.140000E-21
20.0000	0.120000E-21
22.0000	0.100000E-21
24.0000	0.890000E-22
26.0000	0.760000E-22
30.0000	0.590000E-22
34.0000	0.490000E-22
40.0000	0.390000E-22
50.0000	0.340000E-22
70.0000	0.700000E-23
150.000	0.00000
--------------------------------


C16 Input cross section
EXCITATION
N2                                                              
   7.00000       1.00000    
--------------------------------
7.00000	0.00000
7.30000	0.200000E-22
7.80000	0.500000E-22
8.50000	0.150000E-21
9.00000	0.220000E-21
10.0000	0.340000E-21
11.0000	0.430000E-21
12.0000	0.500000E-21
13.0000	0.550000E-21
14.0000	0.600000E-21
16.0000	0.650000E-21
17.0000	0.650000E-21
18.0000	0.620000E-21
20.0000	0.530000E-21
22.0000	0.450000E-21
24.0000	0.380000E-21
26.0000	0.330000E-21
30.0000	0.250000E-21
34.0000	0.210000E-21
40.0000	0.170000E-21
50.0000	0.140000E-21
70.0000	0.290000E-22
150.000	0.00000
--------------------------------


C17 Input cross section
EXCITATION
N2                                                              
   7.35000       1.00000    
--------------------------------
7.35000	0.00000
8.00000	0.362000E-21
9.00000	0.938000E-21
10.0000	0.150800E-20
11.0000	0.186300E-20
12.0000	0.200300E-20
13.0000	0.199000E-20
14.0000	0.181600E-20
15.0000	0.161500E-20
16.0000	0.144700E-20
17.0000	0.130700E-20
18.0000	0.119900E-20
20.0000	0.111200E-20
22.0000	0.951000E-21
26.0000	0.804000E-21
30.0000	0.677000E-21
34.0000	0.563000E-21
40.0000	0.429000E-21
50.0000	0.268000E-21
70.0000	0.670000E-22
150.000	0.00000
--------------------------------


C18 Input cross section
EXCITATION
N2                                                              
   7.36000       1.00000    
--------------------------------
7.36000	0.00000
8.00000	0.180000E-22
9.00000	0.496000E-21
10.0000	0.804000E-21
11.0000	0.111200E-20
12.0000	0.142700E-20
14.0000	0.205000E-20
15.0000	0.235200E-20
16.0000	0.254600E-20
17.0000	0.251900E-20
18.0000	0.234500E-20
20.0000	0.177600E-20
22.0000	0.132000E-20
24.0000	0.102500E-20
26.0000	0.844000E-21
28.0000	0.724000E-21
30.0000	0.630000E-21
34.0000	0.496000E-21
40.0000	0.348000E-21
50.0000	0.201000E-21
70.0000	0.101000E-21
100.000	0.470000E-22
150.000	0.00000
--------------------------------


C19 Input cross section
EXCITATION
N2                                                              
   7.80000       1.00000    
--------------------------------
7.80000	0.00000
8.10000	0.150000E-22
8.50000	0.400000E-22
8.70000	0.700000E-22
9.00000	0.110000E-21
10.0000	0.290000E-21
11.0000	0.440000E-21
12.0000	0.510000E-21
13.0000	0.560000E-21
14.0000	0.600000E-21
16.0000	0.660000E-21
17.0000	0.670000E-21
18.0000	0.630000E-21
20.0000	0.540000E-21
22.0000	0.460000E-21
24.0000	0.390000E-21
26.0000	0.330000E-21
30.0000	0.260000E-21
34.0000	0.210000E-21
40.0000	0.170000E-21
50.0000	0.150000E-21
70.0000	0.300000E-22
150.000	0.00000
--------------------------------


C20 Input cross section
EXCITATION
N2                                                              
   8.16000       1.00000    
--------------------------------
8.16000	0.00000
9.00000	0.107000E-21
10.0000	0.235000E-21
11.0000	0.369000E-21
12.0000	0.496000E-21
13.0000	0.630000E-21
14.0000	0.757000E-21
15.0000	0.838000E-21
16.0000	0.764000E-21
17.0000	0.616000E-21
18.0000	0.489000E-21
19.0000	0.409000E-21
20.0000	0.362000E-21
22.0000	0.315000E-21
26.0000	0.268000E-21
30.0000	0.228000E-21
34.0000	0.194000E-21
40.0000	0.161000E-21
50.0000	0.127000E-21
70.0000	0.670000E-22
150.000	0.00000
--------------------------------


C21 Input cross section
EXCITATION
N2                                                              
   8.40000       1.00000    
--------------------------------
8.40000	0.00000
9.00000	0.670000E-22
11.0000	0.302000E-21
13.0000	0.536000E-21
14.0000	0.643000E-21
15.0000	0.697000E-21
16.0000	0.570000E-21
17.0000	0.429000E-21
18.0000	0.348000E-21
19.0000	0.308000E-21
20.0000	0.275000E-21
24.0000	0.201000E-21
30.0000	0.154000E-21
40.0000	0.124000E-21
50.0000	0.121000E-21
70.0000	0.101000E-21
150.000	0.670000E-22
500.000	0.00000
--------------------------------


C22 Input cross section
EXCITATION
N2                                                              
   8.55000       1.00000    
--------------------------------
8.55000	0.00000
9.00000	0.127000E-21
14.0000	0.147400E-20
15.0000	0.171500E-20
16.0000	0.191600E-20
17.0000	0.202300E-20
18.0000	0.199000E-20
19.0000	0.192300E-20
20.0000	0.184900E-20
24.0000	0.162100E-20
26.0000	0.152800E-20
30.0000	0.136700E-20
40.0000	0.106500E-20
50.0000	0.851000E-21
70.0000	0.603000E-21
100.000	0.402000E-21
150.000	0.268000E-21
200.000	0.201000E-21
250.000	0.161000E-21
300.000	0.134000E-21
500.000	0.820000E-22
700.000	0.600000E-22
1000.00	0.420000E-22
--------------------------------
Extra points added by BOLSIG+:
1300.00	0.336864E-22
1690.00	0.269731E-22
2197.00	0.215644E-22
2856.10	0.172155E-22
3712.93	0.137254E-22
4826.81	0.109293E-22
6274.85	0.869282E-23
8157.30	0.690650E-23
10604.5	0.548171E-23


C23 Input cross section
EXCITATION
N2                                                              
   8.89000       1.00000    
--------------------------------
8.89000	0.00000
9.00000	0.130000E-22
10.0000	0.261000E-21
11.0000	0.476000E-21
12.0000	0.663000E-21
13.0000	0.784000E-21
14.0000	0.771000E-21
15.0000	0.670000E-21
16.0000	0.543000E-21
17.0000	0.442000E-21
18.0000	0.375000E-21
20.0000	0.288000E-21
22.0000	0.241000E-21
30.0000	0.154000E-21
38.0000	0.940000E-22
50.0000	0.470000E-22
150.000	0.00000
--------------------------------


C24 Input cross section
EXCITATION
N2                                                              
   11.0300       1.00000    
--------------------------------
11.0300	0.00000
11.5000	0.405000E-21
12.0000	0.930000E-21
12.5000	0.196500E-20
13.0000	0.435000E-20
13.5000	0.736000E-20
13.8000	0.930000E-20
14.0000	0.975000E-20
14.2000	0.960000E-20
14.5000	0.945000E-20
15.0000	0.825000E-20
16.0000	0.645000E-20
17.0000	0.525000E-20
18.0000	0.450000E-20
19.0000	0.405000E-20
20.0000	0.375000E-20
22.0000	0.315000E-20
24.0000	0.265500E-20
26.0000	0.225000E-20
28.0000	0.208500E-20
30.0000	0.166500E-20
36.0000	0.117000E-20
40.0000	0.945000E-21
50.0000	0.585000E-21
70.0000	0.225000E-21
100.000	0.230000E-22
150.000	0.00000
--------------------------------


C25 Input cross section
EXCITATION
N2                                                              
   11.8700       1.00000    
--------------------------------
11.8700	0.00000
11.9200	0.496000E-21
12.7000	0.700000E-23
17.0000	0.340000E-22
19.0000	0.420000E-22
20.0000	0.470000E-22
22.0000	0.520000E-22
24.0000	0.540000E-22
26.0000	0.540000E-22
28.0000	0.440000E-22
30.0000	0.340000E-22
32.0000	0.270000E-22
40.0000	0.120000E-22
50.0000	0.500000E-23
150.000	0.00000
--------------------------------


C26 Input cross section
EXCITATION
N2                                                              
   12.2500       1.00000    
--------------------------------
12.2500	0.00000
13.0000	0.540000E-22
15.0000	0.188000E-21
16.0000	0.248000E-21
17.0000	0.302000E-21
18.0000	0.348000E-21
19.0000	0.382000E-21
20.0000	0.389000E-21
22.0000	0.342000E-21
24.0000	0.275000E-21
26.0000	0.228000E-21
30.0000	0.154000E-21
36.0000	0.114000E-21
40.0000	0.107000E-21
50.0000	0.900000E-22
70.0000	0.680000E-22
100.000	0.500000E-22
150.000	0.300000E-22
200.000	0.290000E-22
300.000	0.200000E-22
500.000	0.130000E-22
700.000	0.100000E-22
1000.00	0.800000E-23
--------------------------------
Extra points added by BOLSIG+:
1300.00	0.643277E-23
1690.00	0.516284E-23
2197.00	0.413646E-23
2856.10	0.330885E-23
3712.93	0.264293E-23
4826.81	0.210814E-23
6274.85	0.167943E-23
8157.30	0.133632E-23
10604.5	0.106213E-23


C27 Input cross section
EXCITATION
N2                                                              
   13.0000       1.00000    
--------------------------------
13.0000	0.00000
14.0000	0.810000E-21
15.0000	0.190000E-20
16.0000	0.250000E-20
17.0000	0.420000E-20
18.0000	0.520000E-20
20.0000	0.750000E-20
22.0000	0.960000E-20
25.0000	0.119000E-19
30.0000	0.148000E-19
40.0000	0.165000E-19
60.0000	0.176000E-19
80.0000	0.168000E-19
100.000	0.158000E-19
150.000	0.133000E-19
200.000	0.116000E-19
250.000	0.105000E-19
300.000	0.960000E-20
500.000	0.740000E-20
700.000	0.640000E-20
1000.00	0.530000E-20
--------------------------------
Extra points added by BOLSIG+:
1300.00	0.426363E-20
1690.00	0.342333E-20
2197.00	0.274381E-20
2856.10	0.219560E-20
3712.93	0.175429E-20
4826.81	0.139974E-20
6274.85	0.111540E-20
8157.30	0.887758E-21
10604.5	0.705778E-21


C28 Input cross section
IONIZATION
N2                                                              
   15.6000    
--------------------------------
15.6000	0.00000
16.0000	0.210000E-21
16.5000	0.460000E-21
17.0000	0.710000E-21
17.5000	0.980000E-21
18.0000	0.129000E-20
18.5000	0.163000E-20
19.0000	0.198000E-20
19.5000	0.229000E-20
20.0000	0.269000E-20
21.0000	0.342000E-20
22.0000	0.416000E-20
23.0000	0.490000E-20
25.0000	0.637000E-20
30.0000	0.103000E-19
34.0000	0.126000E-19
45.0000	0.177000E-19
60.0000	0.217000E-19
75.0000	0.238000E-19
100.000	0.252000E-19
150.000	0.244000E-19
200.000	0.226000E-19
300.000	0.191000E-19
500.000	0.145000E-19
700.000	0.116000E-19
1000.00	0.920000E-20
--------------------------------
Extra points added by BOLSIG+:
1300.00	0.741166E-20
1690.00	0.595877E-20
2197.00	0.478174E-20
2856.10	0.383063E-20
3712.93	0.306384E-20
4826.81	0.244695E-20
6274.85	0.195162E-20
8157.30	0.155459E-20
10604.5	0.123688E-20


C29 Input cross section
ATTACHMENT
O2                                                              
--------------------------------
0.00000	0.00000
0.580000E-01	0.00000
0.730000E-01	0.560790E-40
0.830000E-01	0.180260E-39
0.890000E-01	0.420600E-40
0.950000E-01	0.841190E-40
0.103000	0.180260E-39
0.109000	0.00000
0.150000	0.00000
0.170000	0.00000
0.200000	0.00000
0.210000	0.356510E-40
0.230000	0.00000
0.320000	0.00000
0.330000	0.230330E-40
0.350000	0.00000
0.440000	0.00000
0.450000	0.145210E-40
0.470000	0.00000
0.560000	0.00000
0.570000	0.110160E-40
0.590000	0.00000
0.680000	0.00000
0.690000	0.801140E-41
0.710000	0.00000
0.790000	0.00000
0.800000	0.700990E-41
0.820000	0.00000
0.900000	0.00000
0.910000	0.550780E-41
0.930000	0.00000
1.02000	0.00000
1.03000	0.420600E-41
1.05000	0.00000
1.50000	0.00000
10000.0	0.00000
--------------------------------


C30 Input cross section
ATTACHMENT
O2                                                              
--------------------------------
0.00000	0.00000
4.40000	0.00000
4.90000	0.00000
5.38000	0.230000E-22
5.86000	0.720000E-22
6.10000	0.108000E-21
6.48000	0.138000E-21
6.77000	0.152000E-21
7.05000	0.156000E-21
7.30000	0.148000E-21
7.53000	0.131000E-21
7.77000	0.110000E-21
8.00000	0.840000E-22
8.25000	0.540000E-22
8.73000	0.280000E-22
9.20000	0.140000E-22
9.68000	0.800000E-23
10.1500	0.800000E-23
11.3500	0.800000E-23
10000.0	0.00000
--------------------------------


C31 Input cross section
EFFECTIVE
O2                                                              
  0.170000E-04
--------------------------------
0.00000	0.350000E-20
0.100000E-02	0.350000E-20
0.200000E-02	0.360000E-20
0.300000E-02	0.400000E-20
0.500000E-02	0.500000E-20
0.700000E-02	0.580000E-20
0.850000E-02	0.640000E-20
0.100000E-01	0.700000E-20
0.150000E-01	0.870000E-20
0.200000E-01	0.990000E-20
0.300000E-01	0.124000E-19
0.400000E-01	0.144000E-19
0.500000E-01	0.160000E-19
0.700000E-01	0.210000E-19
0.100000	0.250000E-19
0.120000	0.280000E-19
0.150000	0.310000E-19
0.170000	0.330000E-19
0.200000	0.360000E-19
0.250000	0.410000E-19
0.300000	0.450000E-19
0.350000	0.470000E-19
0.400000	0.520000E-19
0.500000	0.570000E-19
0.700000	0.610000E-19
1.00000	0.720000E-19
1.20000	0.790000E-19
1.30000	0.790000E-19
1.50000	0.760000E-19
1.70000	0.730000E-19
1.90000	0.690000E-19
2.10000	0.660000E-19
2.20000	0.650000E-19
2.50000	0.610000E-19
2.80000	0.580000E-19
3.00000	0.570000E-19
3.30000	0.550000E-19
3.60000	0.545000E-19
4.00000	0.550000E-19
4.50000	0.555000E-19
5.00000	0.560000E-19
6.00000	0.600000E-19
7.00000	0.660000E-19
8.00000	0.710000E-19
10.0000	0.800000E-19
12.0000	0.850000E-19
15.0000	0.880000E-19
17.0000	0.870000E-19
20.0000	0.860000E-19
25.0000	0.820000E-19
30.0000	0.800000E-19
50.0000	0.770000E-19
75.0000	0.680000E-19
100.000	0.650000E-19
150.000	0.670000E-19
200.000	0.600000E-19
300.000	0.490000E-19
500.000	0.360000E-19
700.000	0.290000E-19
1000.00	0.212000E-19
1500.00	0.148000E-19
2000.00	0.114000E-19
3000.00	0.790000E-20
5000.00	0.510000E-20
7000.00	0.380000E-20
10000.0	0.280000E-20
--------------------------------


C32 Input cross section
EXCITATION
O2                                                              
  0.200000E-01   1.00000    
--------------------------------
0.200000E-01	0.00000
0.700000E-01	0.00000
0.800000E-01	0.540000E-22
0.100000	0.00000
0.200000	0.00000
0.210000	0.216000E-21
0.220000	0.00000
0.320000	0.00000
0.330000	0.384000E-21
0.350000	0.00000
0.440000	0.00000
0.450000	0.540000E-21
0.470000	0.00000
0.560000	0.00000
0.570000	0.672000E-21
0.590000	0.00000
0.680000	0.00000
0.690000	0.804000E-21
0.710000	0.00000
0.790000	0.00000
0.800000	0.936000E-21
0.810000	0.00000
0.900000	0.00000
0.910000	0.840000E-21
0.930000	0.00000
1.02000	0.00000
1.03000	0.720000E-21
1.05000	0.00000
1.13000	0.00000
1.14000	0.468000E-21
1.16000	0.00000
1.22000	0.00000
1.23000	0.600000E-21
1.26000	0.00000
1.34000	0.00000
1.35000	0.360000E-21
1.37000	0.00000
1.44000	0.00000
1.45000	0.240000E-21
1.47000	0.00000
1.54000	0.00000
1.55000	0.120000E-21
1.57000	0.00000
1.64000	0.00000
1.65000	0.480000E-22
1.67000	0.00000
--------------------------------


C33 Input cross section
EXCITATION
O2                                                              
  0.190000       1.00000    
--------------------------------
0.00000	0.00000
0.190000	0.00000
0.200000	0.100000E-22
0.210000	0.100000E-22
0.230000	0.00000
0.320000	0.00000
0.330000	0.415000E-20
0.350000	0.00000
0.440000	0.00000
0.450000	0.135000E-19
0.470000	0.00000
0.560000	0.00000
0.570000	0.185000E-19
0.590000	0.00000
0.680000	0.00000
0.690000	0.165000E-19
0.710000	0.00000
0.790000	0.00000
0.800000	0.100000E-19
0.820000	0.00000
0.900000	0.00000
0.910000	0.600000E-20
0.930000	0.00000
1.02000	0.00000
1.03000	0.285000E-20
1.05000	0.00000
1.13000	0.00000
1.14000	0.112500E-20
1.16000	0.00000
1.23000	0.00000
1.24000	0.475000E-21
1.26000	0.00000
1.34000	0.00000
1.35000	0.165000E-21
1.37000	0.00000
1.44000	0.00000
1.45000	0.550000E-22
1.47000	0.00000
1.54000	0.00000
1.55000	0.190000E-22
1.57000	0.00000
1.63000	0.00000
1.65000	0.600000E-23
1.67000	0.00000
3.50000	0.00000
--------------------------------


C34 Input cross section
EXCITATION
O2                                                              
  0.190000       1.00000    
--------------------------------
0.190000	0.00000
4.00000	0.00000
5.00000	0.420000E-21
6.00000	0.100000E-20
7.00000	0.176000E-20
8.00000	0.231000E-20
9.00000	0.247000E-20
10.0000	0.234000E-20
11.0000	0.186000E-20
12.0000	0.143000E-20
13.0000	0.102000E-20
14.0000	0.710000E-21
15.0000	0.400000E-21
20.0000	0.100000E-21
45.0000	0.00000
--------------------------------


C35 Input cross section
EXCITATION
O2                                                              
  0.380000       1.00000    
--------------------------------
0.00000	0.00000
0.380000	0.00000
0.440000	0.00000
0.450000	0.00000
0.470000	0.00000
0.560000	0.00000
0.570000	0.140000E-20
0.590000	0.00000
0.680000	0.00000
0.690000	0.415000E-20
0.710000	0.00000
0.790000	0.00000
0.800000	0.535000E-20
0.820000	0.00000
0.900000	0.00000
0.910000	0.465000E-20
0.930000	0.00000
1.02000	0.00000
1.03000	0.315000E-20
1.05000	0.00000
1.13000	0.00000
1.14000	0.200000E-20
1.16000	0.00000
1.23000	0.00000
1.24000	0.950000E-21
1.26000	0.00000
1.34000	0.00000
1.35000	0.400000E-21
1.37000	0.00000
1.44000	0.00000
1.45000	0.185000E-21
1.47000	0.00000
1.54000	0.00000
1.55000	0.850000E-22
1.57000	0.00000
1.63000	0.00000
1.65000	0.340000E-22
1.67000	0.00000
3.50000	0.00000
4.00000	0.00000
5.00000	0.00000
10000.0	0.00000
--------------------------------


C36 Input cross section
EXCITATION
O2                                                              
  0.380000       1.00000    
--------------------------------
0.380000	0.00000
4.00000	0.00000
5.00000	0.280000E-21
6.00000	0.400000E-21
7.00000	0.730000E-21
8.00000	0.940000E-21
9.00000	0.110000E-20
10.0000	0.109000E-20
11.0000	0.930000E-21
12.0000	0.730000E-21
13.0000	0.510000E-21
14.0000	0.280000E-21
15.0000	0.130000E-21
20.0000	0.500000E-22
45.0000	0.00000
--------------------------------


C37 Input cross section
EXCITATION
O2                                                              
  0.570000       1.00000    
--------------------------------
0.00000	0.00000
0.570000	0.00000
0.680000	0.00000
0.690000	0.370000E-22
0.710000	0.00000
0.790000	0.00000
0.800000	0.215000E-21
0.820000	0.00000
0.900000	0.00000
0.910000	0.900000E-21
0.930000	0.00000
1.02000	0.00000
1.03000	0.120000E-20
1.05000	0.00000
1.13000	0.00000
1.14000	0.115000E-20
1.16000	0.00000
1.23000	0.00000
1.24000	0.950000E-21
1.26000	0.00000
1.34000	0.00000
1.35000	0.550000E-21
1.37000	0.00000
1.44000	0.00000
1.45000	0.300000E-21
1.47000	0.00000
1.54000	0.00000
1.55000	0.165000E-21
1.57000	0.00000
1.63000	0.00000
1.65000	0.800000E-22
1.67000	0.00000
3.50000	0.00000
4.00000	0.00000
5.00000	0.00000
6.00000	0.125000E-21
7.00000	0.363000E-21
8.00000	0.588000E-21
9.00000	0.750000E-21
10.0000	0.675000E-21
11.0000	0.563000E-21
12.0000	0.475000E-21
13.0000	0.300000E-21
14.0000	0.175000E-21
15.0000	0.880000E-22
20.0000	0.00000
45.0000	0.00000
10000.0	0.00000
--------------------------------


C38 Input cross section
EXCITATION
O2                                                              
  0.750000       1.00000    
--------------------------------
0.00000	0.00000
0.750000	0.00000
0.790000	0.00000
0.800000	0.150000E-22
0.820000	0.00000
0.900000	0.00000
0.910000	0.550000E-22
0.930000	0.00000
1.02000	0.00000
1.03000	0.300000E-23
1.05000	0.00000
1.13000	0.00000
1.14000	0.165000E-21
1.16000	0.00000
1.23000	0.00000
1.24000	0.315000E-21
1.26000	0.00000
1.34000	0.00000
1.35000	0.335000E-21
1.37000	0.00000
1.44000	0.00000
1.45000	0.285000E-21
1.47000	0.00000
1.54000	0.00000
1.55000	0.215000E-21
1.57000	0.00000
1.63000	0.00000
1.65000	0.165000E-21
1.67000	0.00000
6.00000	0.00000
7.00000	0.275000E-21
8.00000	0.350000E-21
9.00000	0.413000E-21
10.0000	0.462000E-21
11.0000	0.313000E-21
12.0000	0.250000E-21
13.0000	0.175000E-21
14.0000	0.880000E-22
15.0000	0.00000
10000.0	0.00000
--------------------------------


C39 Input cross section
EXCITATION
O2                                                              
  0.977000       1.00000    
--------------------------------
0.977000	0.00000
1.50000	0.580000E-22
2.00000	0.153000E-21
3.00000	0.380000E-21
3.50000	0.490000E-21
4.00000	0.570000E-21
5.00000	0.740000E-21
5.62000	0.825000E-21
5.91000	0.862000E-21
6.19000	0.888000E-21
6.53000	0.908000E-21
6.99000	0.914000E-21
7.61000	0.891000E-21
7.89000	0.863000E-21
8.96000	0.768000E-21
10.0400	0.679000E-21
13.0000	0.527000E-21
15.1000	0.455000E-21
17.5000	0.387000E-21
20.5000	0.324000E-21
24.9000	0.256000E-21
30.9000	0.196000E-21
41.0000	0.137000E-21
45.0000	0.120000E-21
10000.0	0.00000
--------------------------------


C40 Input cross section
EXCITATION
O2                                                              
   1.62700       1.00000    
--------------------------------
1.62700	0.00000
2.00000	0.260000E-22
3.00000	0.970000E-22
3.50000	0.133000E-21
4.00000	0.149000E-21
5.00000	0.182000E-21
5.69000	0.194000E-21
6.54000	0.194000E-21
7.34000	0.191000E-21
8.41000	0.183000E-21
9.26000	0.174000E-21
10.0000	0.160000E-21
13.0000	0.130000E-21
14.9000	0.130000E-21
17.0000	0.130000E-21
19.4000	0.125000E-21
20.7000	0.125000E-21
22.5000	0.110000E-21
24.0000	0.100000E-21
28.0000	0.800000E-22
35.1000	0.630000E-22
41.9000	0.180000E-22
45.1000	0.500000E-23
1000.00	0.00000
--------------------------------


C41 Input cross section
EXCITATION
O2                                                              
   4.50000       1.00000    
--------------------------------
4.50000	0.00000
4.80000	0.300000E-22
5.00000	0.900000E-22
5.50000	0.300000E-21
6.00000	0.650000E-21
6.50000	0.850000E-21
7.00000	0.950000E-21
7.50000	0.100000E-20
8.00000	0.100000E-20
9.00000	0.850000E-21
10.0000	0.700000E-21
12.0000	0.450000E-21
15.0000	0.00000
--------------------------------


C42 Input cross section
EXCITATION
O2                                                              
   6.00000       1.00000    
--------------------------------
6.00000	0.00000
7.00000	0.150000E-20
7.80000	0.230000E-20
9.00000	0.230000E-20
10.0000	0.210000E-20
12.0000	0.165000E-20
15.0000	0.105000E-20
17.0000	0.650000E-21
20.0000	0.475000E-21
45.0000	0.190000E-21
100.000	0.00000
--------------------------------


C43 Input cross section
EXCITATION
O2                                                              
   8.40000       1.00000    
--------------------------------
8.40000	0.00000
9.40000	0.100000E-19
30.0000	0.900000E-20
50.0000	0.700000E-20
100.000	0.540000E-20
150.000	0.320000E-20
200.000	0.270000E-20
300.000	0.170000E-20
500.000	0.109000E-20
700.000	0.800000E-21
1000.00	0.580000E-21
1500.00	0.420000E-21
2000.00	0.330000E-21
3000.00	0.240000E-21
5000.00	0.160000E-21
7000.00	0.120000E-21
10000.0	0.900000E-22
--------------------------------


C44 Input cross section
EXCITATION
O2                                                              
   9.97000       1.00000    
--------------------------------
9.97000	0.00000
10.0000	0.00000
20.0000	0.130000E-21
30.0000	0.260000E-21
40.0000	0.400000E-21
50.0000	0.500000E-21
60.0000	0.600000E-21
70.0000	0.650000E-21
80.0000	0.700000E-21
100.000	0.700000E-21
120.000	0.500000E-21
150.000	0.400000E-21
170.000	0.350000E-21
200.000	0.300000E-21
300.000	0.200000E-21
500.000	0.120000E-21
700.000	0.800000E-22
1000.00	0.500000E-22
1500.00	0.00000
--------------------------------


C45 Input cross section
IONIZATION
O2                                                              
   12.0600    
--------------------------------
12.0600	0.00000
13.0000	0.230000E-21
18.0000	0.200000E-20
28.0000	0.740000E-20
38.0000	0.132000E-19
48.0000	0.180000E-19
58.0000	0.210000E-19
68.0000	0.233000E-19
78.0000	0.250000E-19
88.0000	0.260000E-19
100.000	0.270000E-19
150.000	0.270000E-19
200.000	0.250000E-19
300.000	0.217000E-19
500.000	0.166000E-19
700.000	0.135000E-19
1000.00	0.104000E-19
1500.00	0.760000E-20
2000.00	0.600000E-20
3000.00	0.420000E-20
5000.00	0.270000E-20
7000.00	0.200000E-20
10000.0	0.140000E-20
--------------------------------


 Conditions
A1     Electric field / N (Td)                                         
A2     Angular frequency / N (m3.rad/s)           0.00000    
A3     Cosine of E-B field angle                  0.00000    
A4     Gas temperature (K)                        300.000    
A5     Excitation temperature (K)                 300.000    
A6     Transition energy (eV)                     0.00000    
A7     Ionization degree                          0.00000    
A8     Gas particle density (1/m3)               0.245000E+26
A9     Ion charge parameter                       1.00000    
A10    Ion/neutral mass ratio                     1.00000    
A11    Coulomb collision model                    3.00000    
A12    Energy sharing                             1.00000    
A13    Growth model                               1.00000    
A14    Maxwellian mean energy (eV)                0.00000    
A15    # of grid points                           500.000    
A16    Grid type                                                       
A17    Maximum energy                                                  
A18    Precision                                 0.100000E-09
A19    Convergence                               0.100000E-03
A20    Maximum # of iterations                    1000.00    
A21    Mole fraction He                           0.00000    
A22    Mole fraction N2                          0.800000    
A23    Mole fraction O2                          0.200000    
            R#      A1           A16           A17      
           1  0.100000E-01   2.00000       200.000    
           2  0.112029       3.00000      0.674400    
           3  0.418118       3.00000      0.804504    
           4  0.928265       3.00000       1.36561    
           5   1.64247       3.00000       1.94315    
           6   2.56073       3.00000       2.31788    
           7   3.68306       3.00000       2.31788    
           8   5.00944       3.00000       2.31788    
           9   6.53988       3.00000       2.76487    
          10   8.27438       3.00000       2.76487    
          11   10.2129       3.00000       2.76487    
          12   12.3556       3.00000       3.29804    
          13   14.7022       3.00000       3.93402    
          14   17.2530       3.00000       7.96426    
          15   20.0078       3.00000       11.3317    
          16   22.9666       3.00000       11.3317    
          17   26.1295       3.00000       13.5167    
          18   29.4965       3.00000       13.5167    
          19   33.0675       3.00000       16.1229    
          20   36.8426       3.00000       16.1229    
          21   40.8218       3.00000       19.2317    
          22   45.0050       3.00000       19.2317    
          23   49.3922       3.00000       19.2317    
          24   53.9835       3.00000       22.9399    
          25   58.7789       3.00000       22.9399    
          26   63.7784       3.00000       27.3630    
          27   68.9819       3.00000       27.3630    
          28   74.3894       3.00000       27.3630    
          29   80.0010       3.00000       27.3630    
          30   85.8167       3.00000       32.6390    
          31   91.8365       3.00000       32.6390    
          32   98.0602       3.00000       32.6390    
          33   104.488       3.00000       38.9323    
          34   111.120       3.00000       38.9323    
          35   117.956       3.00000       38.9323    
          36   124.996       3.00000       38.9323    
          37   132.240       3.00000       46.4389    
          38   139.688       3.00000       46.4389    
          39   147.340       3.00000       46.4389    
          40   155.197       3.00000       46.4389    
          41   163.257       3.00000       55.3930    
          42   171.521       3.00000       55.3930    
          43   179.990       3.00000       55.3930    
          44   188.662       3.00000       55.3930    
          45   197.539       3.00000       55.3930    
          46   206.620       3.00000       66.0735    
          47   215.904       3.00000       66.0735    
          48   225.393       3.00000       66.0735    
          49   235.086       3.00000       66.0735    
          50   244.983       3.00000       78.8134    
          51   255.083       3.00000       78.8134    
          52   265.388       3.00000       78.8134    
          53   275.897       3.00000       78.8134    
          54   286.611       3.00000       78.8134    
          55   297.528       3.00000       94.0096    
          56   308.649       3.00000       94.0096    
          57   319.974       3.00000       94.0096    
          58   331.503       3.00000       94.0096    
          59   343.237       3.00000       94.0096    
          60   355.174       3.00000       94.0096    
          61   367.316       3.00000       112.136    
          62   379.661       3.00000       112.136    
          63   392.211       3.00000       112.136    
          64   404.965       3.00000       112.136    
          65   417.922       3.00000       112.136    
          66   431.084       3.00000       133.757    
          67   444.450       3.00000       133.757    
          68   458.020       3.00000       133.757    
          69   471.794       3.00000       133.757    
          70   485.772       3.00000       133.757    
          71   499.954       3.00000       133.757    
          72   514.340       3.00000       159.547    
          73   528.930       3.00000       159.547    
          74   543.725       3.00000       159.547    
          75   558.723       3.00000       159.547    
          76   573.925       3.00000       159.547    
          77   589.332       3.00000       159.547    
          78   604.942       3.00000       190.310    
          79   620.757       3.00000       190.310    
          80   636.775       3.00000       190.310    
          81   652.998       3.00000       190.310    
          82   669.425       3.00000       190.310    
          83   686.056       3.00000       190.310    
          84   702.890       3.00000       227.004    
          85   719.929       3.00000       227.004    
          86   737.172       3.00000       227.004    
          87   754.619       3.00000       227.004    
          88   772.270       3.00000       227.004    
          89   790.126       3.00000       227.004    
          90   808.185       3.00000       270.773    
          91   826.448       3.00000       270.773    
          92   844.915       3.00000       270.773    
          93   863.587       3.00000       270.773    
          94   882.462       3.00000       270.773    
          95   901.542       3.00000       270.773    
          96   920.825       3.00000       322.981    
          97   940.313       3.00000       322.981    
          98   960.004       3.00000       322.981    
          99   979.900       3.00000       322.981    
         100   1000.00       3.00000       322.981    


 Transport coefficients
A1     Mean energy (eV)                                                
A2     Mobility *N (1/m/V/s)                                           
A6     Diffusion coefficient *N (1/m/s)                                
A11    Energy mobility *N (1/m/V/s)                                    
A12    Energy diffusion coef. *N (1/m/s)                               
A13    Total collision freq. /N (m3/s)                                 
A14    Momentum frequency /N (m3/s)                                    
A16    Total ionization freq. /N (m3/s)                                
A17    Total attachment freq. /N (m3/s)                                
A18    Townsend ioniz. coef. alpha/N (m2)                              
A19    Townsend attach. coef. eta/N (m2)                               
A20    Power /N (eV m3/s)                                              
A21    Elastic power loss /N (eV m3/s)                                 
A22    Inelastic power loss /N (eV m3/s)                               
A23    Growth power /N (eV m3/s)                                       
A27    Maximum energy                                                  
A28    # of iterations                                                 
A29    # of grid trials                                                
            R#      E/N (Td)      A1            A2            A6           A11           A12           A13           A14           A16           A17           A18           A19           A20           A21           A22           A23           A27           A28           A29      
           1  0.100000E-01  0.397310E-01  0.404768E+26  0.112221E+25  0.440880E+26  0.116617E+25  0.400025E-14  0.434525E-14   0.00000      0.429444E-36   0.00000      0.106096E-38  0.404768E-20  0.151897E-21  0.389544E-20 -0.170626E-37  0.674400       16.0000       2.00000    
           2  0.112029      0.897143E-01  0.163267E+26  0.117754E+25  0.204680E+26  0.121052E+25  0.870229E-14  0.107727E-13   0.00000      0.912637E-36   0.00000      0.498962E-39  0.204909E-18  0.218382E-19  0.183063E-18 -0.818775E-37  0.804504       8.00000       2.00000    
           3  0.418118      0.165506      0.811116E+25  0.123555E+25  0.119869E+26  0.127661E+25  0.152523E-13  0.216840E-13   0.00000      0.665147E-36   0.00000      0.196127E-39  0.141801E-17  0.891351E-19  0.132887E-17 -0.110087E-36   1.36561       16.0000       4.00000    
           4  0.928265      0.226785      0.625856E+25  0.128737E+25  0.940334E+25  0.135305E+25  0.198230E-13  0.281026E-13   0.00000      0.504912E-36   0.00000      0.869099E-40  0.539285E-17  0.175982E-18  0.521686E-17 -0.114508E-36   1.94315       12.0000       3.00000    
           5   1.64247      0.313057      0.509254E+25  0.137037E+25  0.753150E+25  0.149510E+25  0.251261E-13  0.345372E-13   0.00000      0.389601E-36   0.00000      0.465788E-40  0.137382E-16  0.338762E-18  0.133995E-16 -0.121969E-36   2.31788       9.00000       2.00000    
           6   2.56073      0.451070      0.412398E+25  0.150449E+25  0.587820E+25  0.170045E+25  0.322069E-13  0.426486E-13   0.00000      0.292348E-36   0.00000      0.276834E-40  0.270424E-16  0.668143E-18  0.263744E-16 -0.131870E-36   2.31788       5.00000       1.00000    
           7   3.68306      0.609676      0.333800E+25  0.164612E+25  0.473015E+25  0.185556E+25  0.397551E-13  0.526909E-13   0.00000      0.217133E-36   0.00000      0.176616E-40  0.452797E-16  0.111171E-17  0.441681E-16 -0.132381E-36   2.31788       5.00000       1.00000    
           8   5.00944      0.740433      0.278891E+25  0.174928E+25  0.403806E+25  0.193837E+25  0.459207E-13  0.630648E-13   0.00000      0.168480E-36   0.00000      0.120593E-40  0.699862E-16  0.152562E-17  0.684607E-16 -0.124748E-36   2.76487       8.00000       2.00000    
           9   6.53988      0.833792      0.242615E+25  0.181288E+25  0.360387E+25  0.197849E+25  0.504375E-13  0.724942E-13   0.00000      0.139240E-36   0.00000      0.877557E-41  0.103767E-15  0.185490E-17  0.101912E-15 -0.116097E-36   2.76487       4.00000       1.00000    
          10   8.27438      0.898561      0.218207E+25  0.185012E+25  0.330888E+25  0.199685E+25  0.537244E-13  0.806035E-13   0.00000      0.121530E-36   0.00000      0.673102E-41  0.149396E-15  0.210760E-17  0.147288E-15 -0.109203E-36   2.76487       4.00000       1.00000    
          11   10.2129      0.944297      0.201084E+25  0.187156E+25  0.309425E+25  0.200386E+25  0.562016E-13  0.874668E-13   0.00000      0.110389E-36   0.00000      0.537524E-41  0.209739E-15  0.230492E-17  0.207434E-15 -0.104241E-36   3.29804       8.00000       2.00000    
          12   12.3556      0.977714      0.188551E+25  0.188356E+25  0.292965E+25  0.200453E+25  0.581633E-13  0.932807E-13   0.00000      0.103064E-36   0.00000      0.442401E-41  0.287842E-15  0.246526E-17  0.285377E-15 -0.100768E-36   3.93402       8.00000       2.00000    
          13   14.7022       1.00315      0.179023E+25  0.188968E+25  0.279808E+25  0.200130E+25  0.598034E-13  0.982455E-13   0.00000      0.440077E-25   0.00000      0.167200E-29  0.386968E-15  0.260213E-17  0.384362E-15 -0.441469E-25   7.96426       20.0000       5.00000    
          14   17.2530       1.02342      0.171530E+25  0.189207E+25  0.268926E+25  0.199553E+25  0.612511E-13  0.102537E-12   0.00000      0.110114E-23   0.00000      0.372080E-28  0.510586E-15  0.272532E-17  0.507850E-15 -0.112694E-23   11.3317       12.0000       3.00000    
          15   20.0078       1.04038      0.165441E+25  0.189198E+25  0.259633E+25  0.198800E+25  0.625951E-13  0.106311E-12   0.00000      0.147847E-22   0.00000      0.446654E-27  0.662277E-15  0.284202E-17  0.659424E-15 -0.153819E-22   11.3317       4.00000       1.00000    
          16   22.9666       1.05536      0.160326E+25  0.189010E+25  0.251446E+25  0.197905E+25  0.638999E-13  0.109703E-12  0.259182E-26  0.119129E-21  0.703891E-31  0.323533E-26  0.845662E-15  0.295778E-17  0.842708E-15 -0.125723E-21   13.5167       8.00000       2.00000    
          17   26.1295       1.06938      0.155915E+25  0.188701E+25  0.244079E+25  0.196940E+25  0.652134E-13  0.112806E-12  0.510274E-25  0.650840E-21  0.125252E-29  0.159755E-25  0.106451E-14  0.307756E-17  0.106144E-14 -0.695950E-21   13.5167       4.00000       1.00000    
          18   29.4965       1.08350      0.151998E+25  0.188320E+25  0.237287E+25  0.196024E+25  0.665782E-13  0.115713E-12  0.648278E-24  0.264375E-20  0.144595E-28  0.589672E-25  0.132245E-14  0.320717E-17  0.131925E-14 -0.286386E-20   16.1229       8.00000       2.00000    
          19   33.0675       1.09907      0.148448E+25  0.187945E+25  0.230931E+25  0.195433E+25  0.680354E-13  0.118481E-12  0.532299E-23  0.850132E-20  0.108438E-27  0.173185E-24  0.162322E-14  0.335465E-17  0.161987E-14 -0.933790E-20   16.1229       4.00000       1.00000    
          20   36.8426       1.11805      0.145174E+25  0.187677E+25  0.224915E+25  0.195643E+25  0.696317E-13  0.121153E-12  0.322591E-22  0.227529E-19  0.603134E-27  0.425400E-24  0.197055E-14  0.353198E-17  0.196703E-14 -0.254033E-19   19.2317       8.00000       2.00000    
          21   40.8218       1.14309      0.142098E+25  0.187675E+25  0.219150E+25  0.197374E+25  0.714171E-13  0.123775E-12  0.152355E-21  0.524562E-19  0.262650E-26  0.904310E-24  0.236794E-14  0.375554E-17  0.236422E-14 -0.597891E-19   19.2317       4.00000       1.00000    
          22   45.0050       1.17758      0.139190E+25  0.188138E+25  0.213633E+25  0.201516E+25  0.734457E-13  0.126361E-12  0.589629E-21  0.107136E-18  0.941264E-26  0.171028E-23  0.281921E-14  0.404626E-17  0.281527E-14 -0.125469E-18   19.2317       4.00000       1.00000    
          23   49.3922       1.22536      0.136438E+25  0.189305E+25  0.208396E+25  0.208951E+25  0.757676E-13  0.128910E-12  0.194004E-20  0.197911E-18  0.287884E-25  0.293682E-23  0.332853E-14  0.442787E-17  0.332429E-14 -0.240142E-18   22.9399       8.00000       2.00000    
          24   53.9835       1.29026      0.133808E+25  0.191417E+25  0.203455E+25  0.220270E+25  0.784173E-13  0.131444E-12  0.557815E-20  0.335960E-18  0.772231E-25  0.465098E-23  0.389946E-14  0.492371E-17  0.389491E-14 -0.426289E-18   22.9399       4.00000       1.00000    
          25   58.7789       1.37556      0.131275E+25  0.194683E+25  0.198840E+25  0.235530E+25  0.814091E-13  0.133980E-12  0.143330E-19  0.530739E-18  0.185753E-24  0.687825E-23  0.453550E-14  0.555385E-17  0.453063E-14 -0.710369E-18   27.3630       8.00000       2.00000    
          26   63.7784       1.48351      0.128908E+25  0.199282E+25  0.194685E+25  0.254227E+25  0.847363E-13  0.136440E-12  0.334886E-19  0.788251E-18  0.407328E-24  0.958762E-23  0.524357E-14  0.633248E-17  0.523833E-14 -0.111973E-17   27.3630       4.00000       1.00000    
          27   68.9819       1.61488      0.126673E+25  0.205280E+25  0.190950E+25  0.275343E+25  0.883590E-13  0.138847E-12  0.721361E-19  0.110979E-17  0.825532E-24  0.127005E-22  0.602773E-14  0.726427E-17  0.602212E-14 -0.167572E-17   27.3630       4.00000       1.00000    
          28   74.3894       1.76887      0.124570E+25  0.212652E+25  0.187613E+25  0.297686E+25  0.922155E-13  0.141192E-12  0.144843E-18  0.149158E-17  0.156306E-23  0.160961E-22  0.689342E-14  0.834458E-17  0.688744E-14 -0.238224E-17   27.3630       4.00000       1.00000    
          29   80.0010       1.94352      0.122614E+25  0.221305E+25  0.184644E+25  0.320190E+25  0.962339E-13  0.143444E-12  0.273646E-18  0.192592E-17  0.278967E-23  0.196337E-22  0.784751E-14  0.956182E-17  0.784119E-14 -0.321129E-17   32.6390       8.00000       2.00000    
          30   85.8167       2.13506      0.120763E+25  0.231020E+25  0.181943E+25  0.341951E+25  0.100320E-12  0.145642E-12  0.489710E-18  0.239998E-17  0.472534E-23  0.231580E-22  0.889360E-14  0.108930E-16  0.888682E-14 -0.407863E-17   32.6390       4.00000       1.00000    
          31   91.8365       2.33984      0.119028E+25  0.241584E+25  0.179474E+25  0.362478E+25  0.104399E-12  0.147765E-12  0.835694E-18  0.290092E-17  0.764506E-23  0.265381E-22  0.100388E-13  0.123164E-16  0.100313E-13 -0.483240E-17   32.6390       4.00000       1.00000    
          32   98.0602       2.55374      0.117397E+25  0.252742E+25  0.177180E+25  0.381505E+25  0.108398E-12  0.149818E-12  0.136721E-17  0.341491E-17  0.118764E-22  0.296640E-22  0.112886E-13  0.138074E-16  0.112801E-13 -0.522939E-17   38.9323       8.00000       2.00000    
          33   104.488       2.77317      0.115866E+25  0.264284E+25  0.175025E+25  0.398999E+25  0.112267E-12  0.151798E-12  0.215442E-17  0.392985E-17  0.177954E-22  0.324604E-22  0.126499E-13  0.153447E-16  0.126395E-13 -0.492365E-17   38.9323       4.00000       1.00000    
          34   111.120       2.99479      0.114420E+25  0.275990E+25  0.172975E+25  0.415012E+25  0.115965E-12  0.153716E-12  0.328311E-17  0.443482E-17  0.258221E-22  0.348805E-22  0.141282E-13  0.169085E-16  0.141147E-13 -0.344917E-17   38.9323       4.00000       1.00000    
          35   117.956       3.21598      0.113049E+25  0.287686E+25  0.171005E+25  0.429677E+25  0.119466E-12  0.155581E-12  0.485553E-17  0.492131E-17  0.364126E-22  0.369059E-22  0.157291E-13  0.184835E-16  0.157108E-13 -0.211545E-18   38.9323       4.00000       1.00000    
          36   124.996       3.43494      0.111746E+25  0.299254E+25  0.169102E+25  0.443161E+25  0.122764E-12  0.157395E-12  0.699143E-17  0.538350E-17  0.500541E-22  0.385423E-22  0.174591E-13  0.200594E-16  0.174336E-13  0.552326E-17   46.4389       8.00000       2.00000    
          37   132.240       3.65000      0.110495E+25  0.310568E+25  0.167249E+25  0.455607E+25  0.125851E-12  0.159176E-12  0.982632E-17  0.581636E-17  0.672488E-22  0.398057E-22  0.193228E-13  0.216266E-16  0.192865E-13  0.146366E-16   46.4389       4.00000       1.00000    
          38   139.688       3.86050      0.109294E+25  0.321576E+25  0.165442E+25  0.467182E+25  0.128737E-12  0.160926E-12  0.135142E-16  0.621791E-17  0.885186E-22  0.407276E-22  0.213263E-13  0.231816E-16  0.212749E-13  0.281677E-16   46.4389       4.00000       1.00000    
          39   147.340       4.06603      0.108135E+25  0.332241E+25  0.163674E+25  0.478025E+25  0.131435E-12  0.162650E-12  0.182255E-16  0.658709E-17  0.114391E-21  0.413433E-22  0.234753E-13  0.247228E-16  0.234032E-13  0.473229E-16   46.4389       4.00000       1.00000    
          40   155.197       4.26634      0.107006E+25  0.342529E+25  0.161938E+25  0.488248E+25  0.133953E-12  0.164367E-12  0.241458E-16  0.692357E-17  0.145396E-21  0.416907E-22  0.257735E-13  0.262488E-16  0.256738E-13  0.734771E-16   55.3930       8.00000       2.00000    
          41   163.257       4.46193      0.105919E+25  0.352470E+25  0.160239E+25  0.497980E+25  0.136317E-12  0.166054E-12  0.314800E-16  0.722887E-17  0.182050E-21  0.418047E-22  0.282304E-13  0.277640E-16  0.280945E-13  0.108209E-15   55.3930       4.00000       1.00000    
          42   171.521       4.65294      0.104861E+25  0.362057E+25  0.158572E+25  0.507301E+25  0.138540E-12  0.167729E-12  0.404446E-16  0.750390E-17  0.224869E-21  0.417210E-22  0.308497E-13  0.292693E-16  0.306672E-13  0.153274E-15   55.3930       4.00000       1.00000    
          43   179.990       4.83977      0.103830E+25  0.371307E+25  0.156936E+25  0.516290E+25  0.140636E-12  0.169395E-12  0.512708E-16  0.775029E-17  0.274348E-21  0.414714E-22  0.336370E-13  0.307679E-16  0.333956E-13  0.210633E-15   55.3930       4.00000       1.00000    
          44   188.662       5.02290      0.102822E+25  0.380241E+25  0.155328E+25  0.525012E+25  0.142621E-12  0.171055E-12  0.642026E-16  0.796982E-17  0.330964E-21  0.410844E-22  0.365980E-13  0.322631E-16  0.362833E-13  0.282456E-15   55.3930       4.00000       1.00000    
          45   197.539       5.20269      0.101835E+25  0.388868E+25  0.153749E+25  0.533520E+25  0.144507E-12  0.172713E-12  0.794943E-16  0.816412E-17  0.395173E-21  0.405845E-22  0.397376E-13  0.337577E-16  0.393327E-13  0.371115E-15   66.0735       8.00000       2.00000    
          46   206.620       5.37991      0.100870E+25  0.397243E+25  0.152198E+25  0.541869E+25  0.146310E-12  0.174365E-12  0.974131E-16  0.833562E-17  0.467396E-21  0.399949E-22  0.430630E-13  0.352567E-16  0.425485E-13  0.479236E-15   66.0735       4.00000       1.00000    
          47   215.904       5.55489      0.999238E+24  0.405374E+25  0.150675E+25  0.550094E+25  0.148040E-12  0.176016E-12  0.118232E-15  0.848586E-17  0.548030E-21  0.393338E-22  0.465791E-13  0.367628E-16  0.459327E-13  0.609637E-15   66.0735       4.00000       1.00000    
          48   225.393       5.72810      0.989955E+24  0.413287E+25  0.149180E+25  0.558231E+25  0.149707E-12  0.177667E-12  0.142232E-15  0.861662E-17  0.637441E-21  0.386172E-22  0.502917E-13  0.382790E-16  0.494880E-13  0.765371E-15   66.0735       4.00000       1.00000    
          49   235.086       5.90012      0.980877E+24  0.421020E+25  0.147714E+25  0.566317E+25  0.151320E-12  0.179311E-12  0.169707E-15  0.872981E-17  0.735968E-21  0.378585E-22  0.542084E-13  0.398098E-16  0.532188E-13  0.949801E-15   78.8134       9.00000       2.00000    
          50   244.983       6.07104      0.971916E+24  0.428561E+25  0.146271E+25  0.574355E+25  0.152885E-12  0.180964E-12  0.200930E-15  0.882642E-17  0.843882E-21  0.370698E-22  0.583310E-13  0.413552E-16  0.571233E-13  0.116629E-14   78.8134       4.00000       1.00000    
          51   255.083       6.24137      0.963107E+24  0.435948E+25  0.144856E+25  0.582376E+25  0.154409E-12  0.182619E-12  0.236202E-15  0.890820E-17  0.961450E-21  0.362604E-22  0.626670E-13  0.429191E-16  0.612054E-13  0.141865E-14   78.8134       5.00000       1.00000    
          52   265.388       6.41145      0.954443E+24  0.443198E+25  0.143466E+25  0.590396E+25  0.155899E-12  0.184277E-12  0.275815E-15  0.897647E-17  0.108889E-20  0.354384E-22  0.672224E-13  0.445038E-16  0.654670E-13  0.171085E-14   78.8134       5.00000       1.00000    
          53   275.897       6.58157      0.945918E+24  0.450327E+25  0.142102E+25  0.598431E+25  0.157359E-12  0.185938E-12  0.320059E-15  0.903248E-17  0.122639E-20  0.346103E-22  0.720027E-13  0.461115E-16  0.699095E-13  0.204707E-14   78.8134       5.00000       1.00000    
          54   286.611       6.75202      0.937508E+24  0.457351E+25  0.140761E+25  0.606474E+25  0.158794E-12  0.187606E-12  0.369213E-15  0.907747E-17  0.137407E-20  0.337830E-22  0.770121E-13  0.477439E-16  0.745327E-13  0.243169E-14   94.0096       9.00000       2.00000    
          55   297.528       6.92299      0.929246E+24  0.464281E+25  0.139447E+25  0.614569E+25  0.160207E-12  0.189274E-12  0.423581E-15  0.911221E-17  0.153207E-20  0.329583E-22  0.822594E-13  0.494027E-16  0.793406E-13  0.286941E-14   94.0096       5.00000       1.00000    
          56   308.649       7.09472      0.921111E+24  0.471131E+25  0.138159E+25  0.622706E+25  0.161602E-12  0.190946E-12  0.483433E-15  0.913777E-17  0.170043E-20  0.321413E-22  0.877488E-13  0.510896E-16  0.843327E-13  0.336505E-14   94.0096       5.00000       1.00000    
          57   319.974       7.26739      0.913097E+24  0.477910E+25  0.136895E+25  0.630893E+25  0.162980E-12  0.192621E-12  0.549043E-15  0.915502E-17  0.187921E-20  0.313348E-22  0.934860E-13  0.528057E-16  0.895096E-13  0.392365E-14   94.0096       5.00000       1.00000    
          58   331.503       7.44117      0.905203E+24  0.484629E+25  0.135654E+25  0.639134E+25  0.164345E-12  0.194301E-12  0.620677E-15  0.916475E-17  0.206839E-20  0.305413E-22  0.994768E-13  0.545524E-16  0.948719E-13  0.455044E-14   94.0096       5.00000       1.00000    
          59   343.237       7.61621      0.897424E+24  0.491295E+25  0.134437E+25  0.647434E+25  0.165699E-12  0.195985E-12  0.698591E-15  0.916769E-17  0.226794E-20  0.297624E-22  0.105727E-12  0.563307E-16  0.100420E-12  0.525088E-14   94.0096       5.00000       1.00000    
          60   355.174       7.79268      0.889769E+24  0.497916E+25  0.133244E+25  0.655798E+25  0.167043E-12  0.197672E-12  0.783045E-15  0.916452E-17  0.247781E-20  0.289995E-22  0.112243E-12  0.581422E-16  0.106155E-12  0.603072E-14   112.136       10.0000       2.00000    
          61   367.316       7.97059      0.882214E+24  0.504498E+25  0.132073E+25  0.664225E+25  0.168378E-12  0.199364E-12  0.874255E-15  0.915577E-17  0.269789E-20  0.282541E-22  0.119029E-12  0.599864E-16  0.112074E-12  0.689548E-14   112.136       5.00000       1.00000    
          62   379.661       8.15009      0.874767E+24  0.511048E+25  0.130923E+25  0.672718E+25  0.169704E-12  0.201062E-12  0.972460E-15  0.914204E-17  0.292808E-20  0.275267E-22  0.126091E-12  0.618648E-16  0.118178E-12  0.785127E-14   112.136       5.00000       1.00000    
          63   392.211       8.33128      0.867427E+24  0.517570E+25  0.129796E+25  0.681280E+25  0.171024E-12  0.202763E-12  0.107788E-14  0.912382E-17  0.316822E-20  0.268178E-22  0.133436E-12  0.637781E-16  0.124468E-12  0.890423E-14   112.136       5.00000       1.00000    
          64   404.965       8.51423      0.860193E+24  0.524068E+25  0.128689E+25  0.689911E+25  0.172337E-12  0.204468E-12  0.119071E-14  0.910158E-17  0.341816E-20  0.261279E-22  0.141068E-12  0.657268E-16  0.130942E-12  0.100607E-13   112.136       5.00000       1.00000    
          65   417.922       8.69910      0.853078E+24  0.530561E+25  0.127606E+25  0.698627E+25  0.173645E-12  0.206173E-12  0.131119E-14  0.907579E-17  0.367775E-20  0.254566E-22  0.148998E-12  0.677126E-16  0.137603E-12  0.113275E-13   133.757       10.0000       2.00000    
          66   431.084       8.88577      0.846047E+24  0.537025E+25  0.126540E+25  0.707399E+25  0.174948E-12  0.207887E-12  0.143943E-14  0.904673E-17  0.394671E-20  0.248048E-22  0.157224E-12  0.697340E-16  0.144444E-12  0.127103E-13   133.757       5.00000       1.00000    
          67   444.450       9.07438      0.839116E+24  0.543476E+25  0.125494E+25  0.716242E+25  0.176247E-12  0.209604E-12  0.157564E-14  0.901482E-17  0.422486E-20  0.241720E-22  0.165756E-12  0.717923E-16  0.151468E-12  0.142164E-13   133.757       5.00000       1.00000    
          68   458.020       9.26498      0.832284E+24  0.549918E+25  0.124468E+25  0.725156E+25  0.177541E-12  0.211325E-12  0.171997E-14  0.898037E-17  0.451196E-20  0.235580E-22  0.174598E-12  0.738881E-16  0.158672E-12  0.158526E-13   133.757       5.00000       1.00000    
          69   471.794       9.45762      0.825548E+24  0.556352E+25  0.123461E+25  0.734142E+25  0.178831E-12  0.213049E-12  0.187257E-14  0.894370E-17  0.480777E-20  0.229627E-22  0.183758E-12  0.760218E-16  0.166057E-12  0.176258E-13   133.757       5.00000       1.00000    
          70   485.772       9.65232      0.818908E+24  0.562781E+25  0.122472E+25  0.743200E+25  0.180118E-12  0.214776E-12  0.203358E-14  0.890506E-17  0.511204E-20  0.223856E-22  0.193241E-12  0.781936E-16  0.173620E-12  0.195432E-13   133.757       5.00000       1.00000    
          71   499.954       9.84888      0.812328E+24  0.569184E+25  0.121499E+25  0.752315E+25  0.181398E-12  0.216516E-12  0.220303E-14  0.886457E-17  0.542449E-20  0.218271E-22  0.203045E-12  0.804017E-16  0.181354E-12  0.216105E-13   159.547       10.0000       2.00000    
          72   514.340       10.0478      0.805877E+24  0.575610E+25  0.120546E+25  0.761517E+25  0.182677E-12  0.218249E-12  0.238121E-14  0.882279E-17  0.574486E-20  0.212856E-22  0.213191E-12  0.826510E-16  0.189271E-12  0.238379E-13   159.547       5.00000       1.00000    
          73   528.930       10.2490      0.799517E+24  0.582036E+25  0.119610E+25  0.770791E+25  0.183952E-12  0.219985E-12  0.256815E-14  0.877975E-17  0.607286E-20  0.207614E-22  0.223679E-12  0.849394E-16  0.197363E-12  0.262314E-13   159.547       5.00000       1.00000    
          74   543.725       10.4523      0.793248E+24  0.588465E+25  0.118690E+25  0.780137E+25  0.185224E-12  0.221724E-12  0.276392E-14  0.873565E-17  0.640822E-20  0.202538E-22  0.234513E-12  0.872674E-16  0.205628E-12  0.287985E-13   159.547       5.00000       1.00000    
          75   558.723       10.6578      0.787067E+24  0.594897E+25  0.117788E+25  0.789556E+25  0.186493E-12  0.223465E-12  0.296861E-14  0.869068E-17  0.675064E-20  0.197627E-22  0.245700E-12  0.896350E-16  0.214064E-12  0.315469E-13   159.547       5.00000       1.00000    
          76   573.925       10.8656      0.780975E+24  0.601333E+25  0.116901E+25  0.799046E+25  0.187757E-12  0.225208E-12  0.318230E-14  0.864500E-17  0.709985E-20  0.192873E-22  0.257246E-12  0.920428E-16  0.222670E-12  0.344843E-13   159.547       6.00000       1.00000    
          77   589.332       11.0757      0.774979E+24  0.607785E+25  0.116030E+25  0.808616E+25  0.189019E-12  0.226951E-12  0.340509E-14  0.859881E-17  0.745553E-20  0.188273E-22  0.269159E-12  0.944920E-16  0.231447E-12  0.376194E-13   190.310       12.0000       2.00000    
          78   604.942       11.2880      0.769058E+24  0.614235E+25  0.115174E+25  0.818252E+25  0.190277E-12  0.228698E-12  0.363694E-14  0.855216E-17  0.781740E-20  0.183824E-22  0.281441E-12  0.969806E-16  0.240387E-12  0.409582E-13   190.310       6.00000       1.00000    
          79   620.757       11.5026      0.763222E+24  0.620694E+25  0.114332E+25  0.827961E+25  0.191530E-12  0.230447E-12  0.387793E-14  0.850524E-17  0.818517E-20  0.179521E-22  0.294099E-12  0.995100E-16  0.249491E-12  0.445096E-13   190.310       6.00000       1.00000    
          80   636.775       11.7196      0.757469E+24  0.627161E+25  0.113505E+25  0.837743E+25  0.192780E-12  0.232197E-12  0.412811E-14  0.845816E-17  0.855855E-20  0.175358E-22  0.307141E-12  0.102081E-15  0.258758E-12  0.482816E-13   190.310       6.00000       1.00000    
          81   652.998       11.9389      0.751798E+24  0.633639E+25  0.112692E+25  0.847600E+25  0.194025E-12  0.233949E-12  0.438749E-14  0.841103E-17  0.893725E-20  0.171331E-22  0.320571E-12  0.104692E-15  0.268185E-12  0.522824E-13   190.310       6.00000       1.00000    
          82   669.425       12.1605      0.746207E+24  0.640128E+25  0.111893E+25  0.857531E+25  0.195267E-12  0.235701E-12  0.465610E-14  0.836396E-17  0.932098E-20  0.167437E-22  0.334398E-12  0.107346E-15  0.277771E-12  0.565201E-13   190.310       6.00000       1.00000    
          83   686.056       12.3844      0.740688E+24  0.646614E+25  0.111107E+25  0.867532E+25  0.196504E-12  0.237458E-12  0.493390E-14  0.831700E-17  0.970947E-20  0.163671E-22  0.348621E-12  0.110041E-15  0.287511E-12  0.610020E-13   227.004       12.0000       2.00000    
          84   702.890       12.6109      0.735257E+24  0.653130E+25  0.110334E+25  0.877613E+25  0.197737E-12  0.239212E-12  0.522098E-14  0.827031E-17  0.101024E-19  0.160028E-22  0.363257E-12  0.112778E-15  0.297408E-12  0.657383E-13   227.004       6.00000       1.00000    
          85   719.929       12.8397      0.729903E+24  0.659659E+25  0.109574E+25  0.887771E+25  0.198966E-12  0.240966E-12  0.551729E-14  0.822393E-17  0.104996E-19  0.156504E-22  0.378307E-12  0.115558E-15  0.307457E-12  0.707363E-13   227.004       6.00000       1.00000    
          86   737.172       13.0709      0.724625E+24  0.666203E+25  0.108827E+25  0.898005E+25  0.200191E-12  0.242721E-12  0.582281E-14  0.817793E-17  0.109006E-19  0.153095E-22  0.393778E-12  0.118381E-15  0.317657E-12  0.760045E-13   227.004       6.00000       1.00000    
          87   754.619       13.3046      0.719422E+24  0.672763E+25  0.108092E+25  0.908317E+25  0.201412E-12  0.244477E-12  0.613754E-14  0.813237E-17  0.113053E-19  0.149798E-22  0.409675E-12  0.121247E-15  0.328004E-12  0.815515E-13   227.004       6.00000       1.00000    
          88   772.270       13.5408      0.714293E+24  0.679340E+25  0.107369E+25  0.918708E+25  0.202627E-12  0.246232E-12  0.646144E-14  0.808732E-17  0.117134E-19  0.146608E-22  0.426006E-12  0.124155E-15  0.338498E-12  0.873856E-13   227.004       6.00000       1.00000    
          89   790.126       13.7794      0.709227E+24  0.685922E+25  0.106656E+25  0.929168E+25  0.203838E-12  0.247991E-12  0.679438E-14  0.804290E-17  0.121246E-19  0.143526E-22  0.442769E-12  0.127107E-15  0.349130E-12  0.935139E-13   270.773       12.0000       2.00000    
          90   808.185       14.0205      0.704243E+24  0.692535E+25  0.105956E+25  0.939718E+25  0.205044E-12  0.249746E-12  0.713652E-14  0.799901E-17  0.125387E-19  0.140541E-22  0.459985E-12  0.130103E-15  0.359909E-12  0.999482E-13   270.773       6.00000       1.00000    
          91   826.448       14.2642      0.699330E+24  0.699166E+25  0.105267E+25  0.950349E+25  0.206246E-12  0.251501E-12  0.748773E-14  0.795578E-17  0.129554E-19  0.137653E-22  0.477654E-12  0.133143E-15  0.370828E-12  0.106696E-12   270.773       6.00000       1.00000    
          92   844.915       14.5104      0.694486E+24  0.705818E+25  0.104588E+25  0.961063E+25  0.207443E-12  0.253255E-12  0.784794E-14  0.791324E-17  0.133745E-19  0.134858E-22  0.495781E-12  0.136227E-15  0.381883E-12  0.113765E-12   270.773       6.00000       1.00000    
          93   863.587       14.7592      0.689711E+24  0.712490E+25  0.103920E+25  0.971859E+25  0.208635E-12  0.255008E-12  0.821711E-14  0.787143E-17  0.137958E-19  0.132154E-22  0.514374E-12  0.139356E-15  0.393073E-12  0.121165E-12   270.773       6.00000       1.00000    
          94   882.462       15.0105      0.685003E+24  0.719184E+25  0.103263E+25  0.982740E+25  0.209823E-12  0.256761E-12  0.859518E-14  0.783037E-17  0.142189E-19  0.129537E-22  0.533439E-12  0.142529E-15  0.404395E-12  0.128904E-12   270.773       6.00000       1.00000    
          95   901.542       15.2645      0.680361E+24  0.725905E+25  0.102615E+25  0.993707E+25  0.211005E-12  0.258513E-12  0.898207E-14  0.779014E-17  0.146437E-19  0.127005E-22  0.552982E-12  0.145749E-15  0.415848E-12  0.136992E-12   322.981       12.0000       2.00000    
          96   920.825       15.5211      0.675784E+24  0.732644E+25  0.101978E+25  0.100476E+26  0.212182E-12  0.260263E-12  0.937775E-14  0.775068E-17  0.150700E-19  0.124553E-22  0.573011E-12  0.149013E-15  0.427429E-12  0.145436E-12   322.981       6.00000       1.00000    
          97   940.313       15.7802      0.671272E+24  0.739407E+25  0.101350E+25  0.101590E+26  0.213354E-12  0.262013E-12  0.978213E-14  0.771205E-17  0.154975E-19  0.122180E-22  0.593531E-12  0.152323E-15  0.439135E-12  0.154247E-12   322.981       6.00000       1.00000    
          98   960.004       16.0421      0.666823E+24  0.746195E+25  0.100731E+25  0.102713E+26  0.214521E-12  0.263761E-12  0.101951E-13  0.767428E-17  0.159261E-19  0.119882E-22  0.614549E-12  0.155679E-15  0.450965E-12  0.163433E-12   322.981       6.00000       1.00000    
          99   979.900       16.3066      0.662435E+24  0.753009E+25  0.100122E+25  0.103845E+26  0.215682E-12  0.265508E-12  0.106167E-13  0.763737E-17  0.163555E-19  0.117657E-22  0.636073E-12  0.159081E-15  0.462916E-12  0.173002E-12   322.981       6.00000       1.00000    
         100   1000.00       16.5738      0.658109E+24  0.759849E+25  0.995218E+24  0.104986E+26  0.216838E-12  0.267254E-12  0.110467E-13  0.760134E-17  0.167855E-19  0.115503E-22  0.658109E-12  0.162531E-15  0.474986E-12  0.182965E-12   322.981       6.00000       1.00000    


Rate coefficients (m3/s)
 C1    He    Effective (momentum)                                
 C2    He    Excitation    19.80 eV                              
 C3    He    Ionization    24.58 eV                              
 C4    N2    Elastic                                             
 C5    N2    Excitation    0.020 eV                              
 C6    N2    Excitation    0.29 eV                               
 C7    N2    Excitation    0.29 eV                               
 C8    N2    Excitation    0.59 eV                               
 C9    N2    Excitation    0.88 eV                               
 C10   N2    Excitation    1.17 eV                               
 C11   N2    Excitation    1.47 eV                               
 C12   N2    Excitation    1.76 eV                               
 C13   N2    Excitation    2.06 eV                               
 C14   N2    Excitation    2.35 eV                               
 C15   N2    Excitation    6.17 eV                               
 C16   N2    Excitation    7.00 eV                               
 C17   N2    Excitation    7.35 eV                               
 C18   N2    Excitation    7.36 eV                               
 C19   N2    Excitation    7.80 eV                               
 C20   N2    Excitation    8.16 eV                               
 C21   N2    Excitation    8.40 eV                               
 C22   N2    Excitation    8.55 eV                               
 C23   N2    Excitation    8.89 eV                               
 C24   N2    Excitation    11.03 eV                              
 C25   N2    Excitation    11.87 eV                              
 C26   N2    Excitation    12.25 eV                              
 C27   N2    Excitation    13.00 eV                              
 C28   N2    Ionization    15.60 eV                              
 C29   O2    Attachment                                          
 C30   O2    Attachment                                          
 C31   O2    Effective (momentum)                                
 C32   O2    Excitation    0.020 eV                              
 C33   O2    Excitation    0.19 eV                               
 C34   O2    Excitation    0.19 eV                               
 C35   O2    Excitation    0.38 eV                               
 C36   O2    Excitation    0.38 eV                               
 C37   O2    Excitation    0.57 eV                               
 C38   O2    Excitation    0.75 eV                               
 C39   O2    Excitation    0.98 eV                               
 C40   O2    Excitation    1.63 eV                               
 C41   O2    Excitation    4.50 eV                               
 C42   O2    Excitation    6.00 eV                               
 C43   O2    Excitation    8.40 eV                               
 C44   O2    Excitation    9.97 eV                               
 C45   O2    Ionization    12.06 eV                              
            R#      E/N (Td)   Energy (eV)      C1            C2            C3            C4            C5            C6            C7            C8            C9           C10           C11           C12           C13           C14           C15           C16           C17           C18           C19           C20           C21           C22           C23           C24           C25           C26           C27           C28           C29           C30           C31           C32           C33           C34           C35           C36           C37           C38           C39           C40           C41           C42           C43           C44           C45      
           1  0.100000E-01  0.397310E-01  0.608628E-14   0.00000       0.00000      0.452952E-14  0.206268E-16  0.232456E-21   0.00000       0.00000       0.00000       0.00000       0.00000       0.00000       0.00000       0.00000       0.00000       0.00000       0.00000       0.00000       0.00000       0.00000       0.00000       0.00000       0.00000       0.00000       0.00000       0.00000       0.00000       0.00000      0.214722E-35   0.00000      0.177120E-14  0.479240E-18  0.127069E-19   0.00000      0.501507E-24   0.00000       0.00000       0.00000       0.00000       0.00000       0.00000       0.00000       0.00000       0.00000       0.00000    
           2  0.112029      0.897143E-01  0.976600E-14   0.00000       0.00000      0.978489E-14  0.395706E-16  0.142595E-19   0.00000       0.00000       0.00000       0.00000       0.00000       0.00000       0.00000       0.00000       0.00000       0.00000       0.00000       0.00000       0.00000       0.00000       0.00000       0.00000       0.00000       0.00000       0.00000       0.00000       0.00000       0.00000      0.456318E-35   0.00000      0.419575E-14  0.153989E-17  0.521690E-18   0.00000      0.354444E-22   0.00000      0.161467E-25  0.713955E-28   0.00000       0.00000       0.00000       0.00000       0.00000       0.00000       0.00000    
           3  0.418118      0.165506      0.140356E-13   0.00000       0.00000      0.170298E-13  0.569095E-16  0.602574E-18   0.00000       0.00000       0.00000       0.00000       0.00000       0.00000       0.00000       0.00000       0.00000       0.00000       0.00000       0.00000       0.00000       0.00000       0.00000       0.00000       0.00000       0.00000       0.00000       0.00000       0.00000       0.00000      0.332574E-35   0.00000      0.790050E-14  0.422647E-17  0.237896E-16   0.00000      0.461383E-19   0.00000      0.884059E-22  0.210351E-23  0.475536E-25   0.00000       0.00000       0.00000       0.00000       0.00000       0.00000    
           4  0.928265      0.226785      0.167897E-13   0.00000       0.00000      0.220000E-13  0.669636E-16  0.225869E-17  0.897508E-23  0.123945E-25  0.606209E-28   0.00000       0.00000       0.00000       0.00000       0.00000       0.00000       0.00000       0.00000       0.00000       0.00000       0.00000       0.00000       0.00000       0.00000       0.00000       0.00000       0.00000       0.00000       0.00000      0.252456E-35   0.00000      0.108281E-13  0.834786E-17  0.108339E-15   0.00000      0.291420E-17   0.00000      0.622416E-19  0.354445E-20  0.121280E-20  0.560496E-26   0.00000       0.00000       0.00000       0.00000       0.00000    
           5   1.64247      0.313057      0.200491E-13   0.00000       0.00000      0.276523E-13  0.801104E-16  0.600240E-17  0.360394E-19  0.305975E-21  0.178424E-23  0.101999E-25  0.740090E-27  0.733343E-31  0.386774E-33   0.00000       0.00000       0.00000       0.00000       0.00000       0.00000       0.00000       0.00000       0.00000       0.00000       0.00000       0.00000       0.00000       0.00000       0.00000      0.194801E-35   0.00000      0.146681E-13  0.148488E-16  0.249878E-15   0.00000      0.237647E-16   0.00000      0.187613E-17  0.181921E-18  0.122216E-18  0.349622E-22   0.00000       0.00000       0.00000       0.00000       0.00000    
           6   2.56073      0.451070      0.244812E-13   0.00000       0.00000      0.350361E-13  0.107450E-15  0.202325E-16  0.204108E-17  0.601223E-19  0.122927E-20  0.160744E-23  0.197229E-24  0.341606E-28  0.937168E-31   0.00000       0.00000       0.00000       0.00000       0.00000       0.00000       0.00000       0.00000       0.00000       0.00000       0.00000       0.00000       0.00000       0.00000       0.00000      0.146174E-35   0.00000      0.203614E-13  0.235548E-16  0.366837E-15   0.00000      0.668242E-16   0.00000      0.972555E-17  0.140982E-17  0.119855E-17  0.248406E-20   0.00000       0.00000       0.00000       0.00000       0.00000    
           7   3.68306      0.609676      0.290766E-13   0.00000       0.00000      0.428326E-13  0.152189E-15  0.510241E-16  0.174953E-16  0.111637E-17  0.585464E-19  0.107781E-21  0.565817E-23  0.260559E-26  0.126437E-28   0.00000       0.00000       0.00000       0.00000       0.00000       0.00000       0.00000       0.00000       0.00000       0.00000       0.00000       0.00000       0.00000       0.00000       0.00000      0.108566E-35   0.00000      0.265452E-13  0.307423E-16  0.402665E-15   0.00000      0.103251E-15   0.00000      0.204430E-16  0.386339E-17  0.387847E-17  0.236286E-19   0.00000       0.00000       0.00000       0.00000       0.00000    
           8   5.00944      0.740433      0.326175E-13   0.00000       0.00000      0.491935E-13  0.206842E-15  0.862794E-16  0.609786E-16  0.642150E-17  0.620067E-18  0.328909E-20  0.216662E-21  0.206310E-24  0.306955E-26  0.238349E-29   0.00000       0.00000       0.00000       0.00000       0.00000       0.00000       0.00000       0.00000       0.00000       0.00000       0.00000       0.00000       0.00000       0.00000      0.842398E-36   0.00000      0.313658E-13  0.344936E-16  0.390115E-15   0.00000      0.120486E-15   0.00000      0.282440E-16  0.633735E-17  0.732654E-17  0.851900E-19   0.00000       0.00000       0.00000       0.00000       0.00000    
           9   6.53988      0.833792      0.350232E-13   0.00000       0.00000      0.538453E-13  0.267534E-15  0.114771E-15  0.135770E-15  0.201841E-16  0.297030E-17  0.386433E-19  0.518212E-20  0.874651E-23  0.161305E-24  0.251795E-27   0.00000       0.00000       0.00000       0.00000       0.00000       0.00000       0.00000       0.00000       0.00000       0.00000       0.00000       0.00000       0.00000       0.00000      0.696198E-36   0.00000      0.346108E-13  0.358587E-16  0.366226E-15   0.00000      0.125681E-15   0.00000      0.325023E-16  0.814926E-17  0.106303E-16  0.188330E-18   0.00000       0.00000       0.00000       0.00000       0.00000    
          10   8.27438      0.898561      0.366284E-13   0.00000       0.00000      0.572006E-13  0.333989E-15  0.134343E-15  0.237886E-15  0.455152E-16  0.912202E-17  0.244014E-18  0.527088E-19  0.284513E-21  0.806495E-23  0.403642E-25   0.00000       0.00000       0.00000       0.00000       0.00000       0.00000       0.00000       0.00000       0.00000       0.00000       0.00000       0.00000       0.00000       0.00000      0.607651E-36   0.00000      0.367313E-13  0.360764E-16  0.344586E-15   0.00000      0.125828E-15   0.00000      0.345308E-16  0.930788E-17  0.134600E-16  0.320462E-18   0.00000       0.00000       0.00000       0.00000       0.00000    
          11   10.2129      0.944297      0.377258E-13   0.00000       0.00000      0.596790E-13  0.406794E-15  0.146796E-15  0.362439E-15  0.842526E-16  0.214010E-16  0.101926E-17  0.295350E-18  0.426817E-20  0.185171E-21  0.253794E-23   0.00000       0.00000       0.00000       0.00000       0.00000       0.00000       0.00000       0.00000       0.00000       0.00000       0.00000       0.00000       0.00000       0.00000      0.551946E-36   0.00000      0.381412E-13  0.358245E-16  0.327652E-15   0.00000      0.124255E-15   0.00000      0.353802E-16  0.100041E-16  0.158118E-16  0.469887E-18   0.00000       0.00000       0.00000       0.00000       0.00000    
          12   12.3556      0.977714      0.385049E-13   0.00000       0.00000      0.615781E-13  0.486752E-15  0.154345E-15  0.505385E-15  0.137304E-15  0.420843E-16  0.317171E-17  0.110801E-17  0.343503E-19  0.214710E-20  0.617213E-22   0.00000       0.00000       0.00000       0.00000       0.00000       0.00000       0.00000       0.00000       0.00000       0.00000       0.00000       0.00000       0.00000       0.00000      0.515321E-36   0.00000      0.391095E-13  0.354050E-16  0.314841E-15   0.00000      0.122252E-15   0.00000      0.356312E-16  0.104032E-16  0.177805E-16  0.630306E-18   0.00000       0.00000       0.00000       0.00000       0.00000    
          13   14.7022       1.00315      0.390820E-13   0.00000       0.00000      0.630960E-13  0.574868E-15  0.158673E-15  0.663676E-15  0.204814E-15  0.730883E-16  0.793887E-17  0.315158E-17  0.176973E-18  0.150584E-19  0.753061E-21  0.919626E-26  0.907082E-26  0.283607E-25  0.138286E-26  0.170134E-27   0.00000       0.00000       0.00000       0.00000       0.00000       0.00000       0.00000       0.00000       0.00000      0.490178E-36  0.220038E-24  0.397994E-13  0.349401E-16  0.305104E-15  0.366183E-23  0.120263E-15  0.176255E-23  0.355759E-16  0.106155E-16  0.194731E-16  0.800084E-18  0.161583E-23  0.116778E-23   0.00000       0.00000       0.00000    
          14   17.2530       1.02342      0.395294E-13   0.00000       0.00000      0.643651E-13  0.672297E-15  0.160896E-15  0.835338E-15  0.286376E-15  0.115758E-15  0.168390E-16  0.734502E-17  0.656322E-18  0.723262E-19  0.549908E-20  0.325805E-24  0.558973E-24  0.215318E-23  0.602202E-24  0.131874E-24  0.104969E-24  0.550866E-25  0.960870E-25  0.329138E-25  0.134503E-27   0.00000       0.00000       0.00000       0.00000      0.472174E-36  0.550569E-23  0.403106E-13  0.344748E-16  0.297547E-15  0.922378E-22  0.118414E-15  0.436163E-22  0.353589E-16  0.107092E-16  0.209832E-16  0.980600E-18  0.413464E-22  0.343714E-22  0.445383E-23  0.105031E-27   0.00000    
          15   20.0078       1.04038      0.398935E-13   0.00000       0.00000      0.654769E-13  0.780180E-15  0.161741E-15  0.101924E-14  0.381235E-15  0.170779E-15  0.314470E-16  0.147758E-16  0.190904E-17  0.261451E-18  0.274603E-19  0.531924E-23  0.102782E-22  0.406030E-22  0.125104E-22  0.287216E-23  0.234091E-23  0.131023E-23  0.237270E-23  0.914702E-24  0.673923E-26   0.00000       0.00000       0.00000       0.00000      0.458717E-36  0.739236E-22  0.407060E-13  0.340213E-16  0.291482E-15  0.122528E-20  0.116708E-15  0.569714E-21  0.350520E-16  0.107267E-16  0.223897E-16  0.117522E-17  0.558962E-21  0.520937E-21  0.102043E-21  0.413853E-26   0.00000    
          16   22.9666       1.05536      0.402060E-13   0.00000       0.00000      0.664980E-13  0.899601E-15  0.161673E-15  0.121495E-14  0.488493E-15  0.238173E-15  0.531814E-16  0.265854E-16  0.462412E-17  0.761597E-18  0.103250E-18  0.508948E-22  0.108411E-21  0.436151E-21  0.145669E-21  0.349790E-22  0.289720E-22  0.171131E-22  0.319520E-22  0.135623E-22  0.743305E-24  0.637983E-25  0.218419E-26  0.187355E-26   0.00000      0.448170E-36  0.595646E-21  0.410269E-13  0.335779E-16  0.286399E-15  0.989709E-20  0.115104E-15  0.454412E-20  0.346910E-16  0.106945E-16  0.237651E-16  0.139023E-17  0.455586E-20  0.465153E-20  0.127526E-20  0.877539E-25  0.129591E-25
          17   26.1295       1.06938      0.404890E-13   0.00000       0.00000      0.674779E-13  0.103146E-14  0.160994E-15  0.142237E-14  0.607381E-15  0.317553E-15  0.831632E-16  0.438487E-16  0.971610E-17  0.187219E-17  0.311247E-18  0.324586E-21  0.750091E-21  0.305915E-20  0.109322E-20  0.273798E-21  0.229174E-21  0.141520E-21  0.270795E-21  0.124086E-21  0.117974E-22  0.101384E-23  0.449001E-25  0.454878E-25   0.00000      0.439492E-36  0.325420E-20  0.413011E-13  0.331391E-16  0.281945E-15  0.546709E-19  0.113562E-15  0.248652E-19  0.342977E-16  0.106311E-16  0.251926E-16  0.163830E-17  0.252539E-19  0.277883E-19  0.100789E-19  0.102503E-23  0.255137E-24
          18   29.4965       1.08350      0.407621E-13   0.00000       0.00000      0.684614E-13  0.117645E-14  0.159926E-15  0.164154E-14  0.737138E-15  0.408099E-15  0.122111E-15  0.674726E-16  0.182551E-16  0.402360E-17  0.789261E-18  0.151970E-20  0.376266E-20  0.155033E-19  0.587011E-20  0.152789E-20  0.128878E-20  0.826094E-21  0.161287E-20  0.786186E-21  0.121295E-21  0.988929E-23  0.591679E-24  0.119068E-23  0.583761E-27  0.431926E-36  0.132187E-19  0.415513E-13  0.326955E-16  0.277825E-15  0.225808E-18  0.112031E-15  0.101976E-18  0.338941E-16  0.105548E-16  0.268082E-16  0.194709E-17  0.104288E-18  0.122204E-18  0.561314E-19  0.795058E-23  0.323906E-23
          19   33.0675       1.09907      0.410447E-13   0.00000       0.00000      0.694932E-13  0.133497E-14  0.158649E-15  0.187228E-14  0.877123E-15  0.508866E-15  0.170362E-15  0.981265E-16  0.313221E-16  0.774641E-17  0.173935E-17  0.557796E-20  0.146489E-19  0.608204E-19  0.242143E-19  0.652466E-20  0.553856E-20  0.366388E-20  0.727402E-20  0.372811E-20  0.862062E-21  0.661028E-22  0.498042E-23  0.120520E-22  0.107486E-25  0.424915E-36  0.425066E-19  0.417981E-13  0.322358E-16  0.273802E-15  0.741066E-18  0.110457E-15  0.332907E-18  0.335201E-16  0.104931E-16  0.288474E-16  0.237040E-17  0.341363E-18  0.422200E-18  0.237323E-18  0.446731E-22  0.265720E-22
          20   36.8426       1.11805      0.413604E-13   0.00000       0.00000      0.706259E-13  0.150695E-14  0.157352E-15  0.211397E-14  0.102646E-14  0.618569E-15  0.227814E-15  0.136188E-15  0.499146E-16  0.136316E-16  0.342175E-17  0.169079E-19  0.467122E-19  0.195025E-18  0.811554E-19  0.225486E-19  0.192528E-19  0.130822E-19  0.263398E-19  0.140600E-19  0.461235E-20  0.327810E-21  0.305984E-22  0.872530E-22  0.298758E-24  0.417969E-36  0.113764E-18  0.420656E-13  0.317437E-16  0.269640E-15  0.202917E-17  0.108778E-15  0.908017E-18  0.332512E-16  0.104944E-16  0.317000E-16  0.300009E-17  0.930745E-18  0.120680E-17  0.807713E-18  0.194619E-21  0.160100E-21
          21   40.8218       1.14309      0.417373E-13   0.00000       0.00000      0.719196E-13  0.169142E-14  0.156253E-15  0.236481E-14  0.118380E-14  0.735570E-15  0.293867E-15  0.181636E-15  0.747675E-16  0.222424E-16  0.612275E-17  0.438625E-19  0.126607E-18  0.530629E-18  0.229708E-18  0.655556E-19  0.563025E-19  0.391440E-19  0.797596E-19  0.439966E-19  0.195693E-19  0.127761E-20  0.145624E-21  0.478490E-21  0.273496E-23  0.410647E-36  0.262281E-18  0.423825E-13  0.312002E-16  0.265112E-15  0.479371E-17  0.106922E-15  0.213905E-17  0.332177E-16  0.106388E-16  0.359271E-16  0.396965E-17  0.218705E-17  0.295713E-17  0.230472E-17  0.689535E-21  0.750835E-21
          22   45.0050       1.17758      0.422082E-13   0.00000       0.00000      0.734410E-13  0.188651E-14  0.155611E-15  0.262203E-14  0.134718E-14  0.857815E-15  0.367450E-15  0.234045E-15  0.106262E-15  0.340382E-16  0.101186E-16  0.100239E-18  0.300541E-18  0.126263E-17  0.566510E-18  0.165456E-18  0.142979E-18  0.101381E-18  0.208714E-18  0.118202E-18  0.686411E-19  0.409658E-20  0.563415E-21  0.209851E-20  0.186023E-22  0.402523E-36  0.535680E-18  0.427842E-13  0.305831E-16  0.259981E-15  0.100418E-16  0.104808E-15  0.447198E-17  0.336168E-16  0.110456E-16  0.422510E-16  0.545105E-17  0.455364E-17  0.639366E-17  0.569712E-17  0.206458E-20  0.287374E-20
          23   49.3922       1.22536      0.428074E-13  0.206209E-24   0.00000      0.752564E-13  0.208920E-14  0.155718E-15  0.288142E-14  0.151389E-14  0.982827E-15  0.446987E-15  0.292515E-15  0.144308E-15  0.492853E-16  0.156256E-16  0.206156E-18  0.638902E-18  0.268718E-17  0.124596E-17  0.371147E-18  0.322840E-18  0.232834E-18  0.483706E-18  0.279705E-18  0.205418E-18  0.111851E-19  0.183722E-20  0.765290E-20  0.100035E-21  0.393214E-36  0.989557E-18  0.433098E-13  0.298700E-16  0.254029E-15  0.190352E-16  0.102360E-15  0.846585E-17  0.347102E-16  0.118721E-16  0.514851E-16  0.763728E-17  0.857570E-17  0.124610E-16  0.125020E-16  0.537710E-20  0.930007E-20
          24   53.9835       1.29026      0.435652E-13  0.142208E-23   0.00000      0.774197E-13  0.229486E-14  0.156880E-15  0.313722E-14  0.168006E-14  0.110728E-14  0.530257E-15  0.355591E-15  0.188267E-15  0.679716E-16  0.227492E-16  0.387844E-18  0.123723E-17  0.520370E-17  0.248769E-17  0.753475E-18  0.660019E-18  0.483058E-18  0.101176E-17  0.594575E-18  0.537484E-18  0.267043E-19  0.519126E-20  0.239047E-19  0.435705E-21  0.382424E-36  0.167980E-17  0.439988E-13  0.290435E-16  0.247083E-15  0.331628E-16  0.995158E-16  0.147371E-16  0.368058E-16  0.133024E-16  0.644174E-16  0.107144E-16  0.148392E-16  0.222517E-16  0.248165E-16  0.124561E-19  0.261479E-19
          25   58.7789       1.37556      0.445039E-13  0.778221E-23  0.297119E-26  0.799651E-13  0.249777E-14  0.159377E-15  0.338245E-14  0.184108E-14  0.122746E-14  0.614532E-15  0.421296E-15  0.236925E-15  0.897761E-16  0.314566E-16  0.676185E-18  0.221241E-17  0.929587E-17  0.457373E-17  0.140466E-17  0.123960E-17  0.918895E-18  0.193921E-17  0.115343E-17  0.125410E-17  0.569387E-19  0.129947E-19  0.655091E-19  0.159775E-20  0.369962E-36  0.265370E-17  0.448862E-13  0.280925E-16  0.239037E-15  0.537626E-16  0.962373E-16  0.238815E-16  0.402223E-16  0.155262E-16  0.816906E-16  0.148326E-16  0.238908E-16  0.368827E-16  0.452311E-16  0.261269E-19  0.652742E-19
          26   63.7784       1.48351      0.456332E-13  0.347565E-22  0.230551E-25  0.829002E-13  0.269277E-14  0.163402E-15  0.361105E-14  0.199318E-14  0.134060E-14  0.697522E-15  0.487782E-15  0.288832E-15  0.114139E-15  0.415773E-16  0.110399E-17  0.369365E-17  0.154896E-16  0.783272E-17  0.243317E-17  0.216395E-17  0.162201E-17  0.344769E-17  0.206816E-17  0.265141E-17  0.110274E-18  0.293292E-19  0.160529E-18  0.505841E-20  0.355812E-36  0.394126E-17  0.459969E-13  0.270160E-16  0.229888E-15  0.819178E-16  0.925244E-16  0.363842E-16  0.452452E-16  0.187117E-16  0.103692E-15  0.200814E-16  0.361495E-16  0.573405E-16  0.766142E-16  0.503385E-19  0.147210E-18
          27   68.9819       1.61488      0.469476E-13  0.130894E-21  0.141674E-24  0.861996E-13  0.287358E-14  0.169075E-15  0.381614E-14  0.213165E-14  0.144311E-14  0.776310E-15  0.552681E-15  0.342070E-15  0.140218E-15  0.527978E-16  0.170245E-17  0.580937E-17  0.242945E-16  0.126126E-16  0.395435E-17  0.354501E-17  0.268301E-17  0.574312E-17  0.346355E-17  0.514650E-17  0.196676E-18  0.605488E-19  0.357269E-18  0.141204E-19  0.340088E-36  0.554894E-17  0.473427E-13  0.258243E-16  0.219719E-15  0.118273E-15  0.884124E-16  0.525386E-16  0.520836E-16  0.229812E-16  0.130460E-15  0.264661E-16  0.518318E-16  0.843289E-16  0.121797E-15  0.901415E-19  0.304199E-18
          28   74.3894       1.76887      0.484270E-13  0.425820E-21  0.712259E-24  0.898093E-13  0.303505E-14  0.176397E-15  0.399243E-14  0.225289E-14  0.153238E-14  0.848506E-15  0.613893E-15  0.394712E-15  0.167055E-15  0.647139E-16  0.249768E-17  0.867353E-17  0.361433E-16  0.192483E-16  0.607915E-17  0.549424E-17  0.419342E-17  0.903978E-17  0.546543E-17  0.927344E-17  0.326749E-18  0.115703E-18  0.731502E-18  0.353578E-19  0.323059E-36  0.745788E-17  0.489199E-13  0.245375E-16  0.208707E-15  0.162931E-15  0.839722E-16  0.723982E-16  0.608370E-16  0.283903E-16  0.161680E-15  0.339085E-16  0.709131E-16  0.118163E-15  0.183243E-15  0.151507E-18  0.582784E-18
          29   80.0010       1.94352      0.500414E-13  0.122165E-20  0.335650E-23  0.936587E-13  0.317351E-14  0.185273E-15  0.413663E-14  0.235453E-14  0.160681E-14  0.912378E-15  0.669752E-15  0.445033E-15  0.193701E-15  0.768929E-16  0.350924E-17  0.123781E-16  0.513595E-16  0.280402E-16  0.890600E-17  0.811484E-17  0.623910E-17  0.135473E-16  0.819056E-17  0.156644E-16  0.510745E-18  0.206780E-18  0.139342E-17  0.806111E-19  0.305073E-36  0.962959E-17  0.507130E-13  0.231814E-16  0.197081E-15  0.215502E-15  0.792938E-16  0.958001E-16  0.714954E-16  0.349286E-16  0.196772E-15  0.422689E-16  0.931610E-16  0.158783E-15  0.262855E-15  0.241104E-18  0.104578E-17
          30   85.8167       2.13506      0.517470E-13  0.314010E-20  0.124962E-22  0.976502E-13  0.328618E-14  0.195488E-15  0.424672E-14  0.243494E-14  0.166528E-14  0.966462E-15  0.718775E-15  0.491406E-15  0.219202E-15  0.888715E-16  0.474451E-17  0.169709E-16  0.700674E-16  0.391977E-16  0.125020E-16  0.114835E-16  0.888544E-17  0.194392E-16  0.117259E-16  0.249915E-16  0.756891E-18  0.348356E-18  0.249064E-17  0.169252E-18  0.286595E-36  0.119999E-16  0.526885E-13  0.217909E-16  0.185141E-15  0.274918E-15  0.744981E-16  0.122278E-15  0.838946E-16  0.424927E-16  0.234791E-15  0.513213E-16  0.118058E-15  0.205583E-15  0.361492E-15  0.365661E-18  0.177154E-17
          31   91.8365       2.33984      0.535037E-13  0.734073E-20  0.408957E-22  0.101700E-12  0.337256E-14  0.206802E-15  0.432330E-14  0.249426E-14  0.170806E-14  0.101036E-14  0.760303E-15  0.532815E-15  0.242862E-15  0.100283E-15  0.620500E-17  0.224762E-16  0.922789E-16  0.528767E-16  0.169143E-16  0.156591E-16  0.121834E-16  0.268663E-16  0.161358E-16  0.379439E-16  0.107145E-17  0.557525E-18  0.421257E-17  0.330884E-18  0.268029E-36  0.145046E-16  0.548123E-13  0.203956E-16  0.173150E-15  0.339959E-15  0.696877E-16  0.151296E-15  0.978138E-16  0.509462E-16  0.274824E-15  0.608491E-16  0.145037E-15  0.257790E-15  0.479407E-15  0.532040E-18  0.285493E-17
          32   98.0602       2.55374      0.552703E-13  0.158016E-19  0.119804E-21  0.105724E-12  0.343325E-14  0.218937E-15  0.436817E-14  0.253341E-14  0.173595E-14  0.104410E-14  0.794054E-15  0.568639E-15  0.264182E-15  0.110834E-15  0.788320E-17  0.288818E-16  0.117848E-15  0.691454E-16  0.221592E-16  0.206716E-16  0.161599E-16  0.359352E-16  0.214492E-16  0.551643E-16  0.145781E-17  0.853099E-18  0.678872E-17  0.607794E-18  0.249768E-36  0.170745E-16  0.570452E-13  0.190244E-16  0.161360E-15  0.409135E-15  0.649623E-16  0.182196E-15  0.112955E-15  0.601066E-16  0.315890E-15  0.706212E-16  0.173436E-15  0.314368E-15  0.616002E-15  0.746712E-18  0.440486E-17
          33   104.488       2.77317      0.570135E-13  0.316482E-19  0.317732E-21  0.109659E-12  0.347020E-14  0.231633E-15  0.438469E-14  0.255430E-14  0.175055E-14  0.106835E-14  0.820260E-15  0.598561E-15  0.282799E-15  0.120313E-15  0.976766E-17  0.361574E-16  0.146548E-15  0.880198E-16  0.282342E-16  0.265309E-16  0.208254E-16  0.467230E-16  0.276702E-16  0.772248E-16  0.191694E-17  0.125510E-17  0.104873E-16  0.105721E-17  0.232113E-36  0.196492E-16  0.593520E-13  0.176993E-16  0.149965E-15  0.481020E-15  0.603982E-16  0.214347E-15  0.129011E-15  0.697871E-16  0.357152E-15  0.804412E-16  0.202633E-15  0.374272E-15  0.770247E-15  0.101584E-17  0.654327E-17
          34   111.120       2.99479      0.587040E-13  0.595171E-19  0.773059E-21  0.113450E-12  0.348576E-14  0.244648E-15  0.437639E-14  0.255905E-14  0.175344E-14  0.108390E-14  0.839364E-15  0.622682E-15  0.298611E-15  0.128608E-15  0.118419E-16  0.442504E-16  0.178064E-15  0.109451E-15  0.351140E-16  0.332232E-16  0.261699E-16  0.592684E-16  0.347736E-16  0.104590E-15  0.244736E-17  0.178393E-17  0.156111E-16  0.175318E-17  0.215309E-36  0.221741E-16  0.616991E-13  0.164383E-16  0.139122E-15  0.554195E-15  0.560571E-16  0.247115E-15  0.145662E-15  0.797933E-16  0.397850E-15  0.901323E-16  0.232026E-15  0.436412E-15  0.940617E-15  0.134504E-17  0.940284E-17
          35   117.956       3.21598      0.603209E-13  0.105913E-18  0.174350E-20  0.117061E-12  0.348276E-14  0.257780E-15  0.434719E-14  0.255004E-14  0.174645E-14  0.109181E-14  0.852046E-15  0.641312E-15  0.311642E-15  0.135680E-15  0.140884E-16  0.531003E-16  0.212051E-15  0.133356E-15  0.427624E-16  0.407206E-16  0.321709E-16  0.735867E-16  0.427163E-16  0.137611E-15  0.304596E-17  0.245991E-17  0.224930E-16  0.278794E-17  0.199514E-36  0.246065E-16  0.640592E-13  0.152529E-16  0.128933E-15  0.627437E-15  0.519788E-16  0.279954E-15  0.162614E-15  0.899485E-16  0.437400E-15  0.995599E-16  0.261110E-15  0.499806E-15  0.112544E-14  0.173951E-17  0.131259E-16
          36   124.996       3.43494      0.618515E-13  0.179562E-18  0.367857E-20  0.120472E-12  0.346416E-14  0.270884E-15  0.430105E-14  0.252973E-14  0.173145E-14  0.109320E-14  0.859064E-15  0.654817E-15  0.321971E-15  0.141537E-15  0.164905E-16  0.626477E-16  0.248179E-15  0.159640E-15  0.511390E-16  0.489875E-16  0.387989E-16  0.896803E-16  0.514457E-16  0.176538E-15  0.370869E-17  0.330290E-17  0.314945E-16  0.427318E-17  0.184803E-36  0.269175E-16  0.664128E-13  0.141488E-16  0.119445E-15  0.699781E-15  0.481818E-16  0.312430E-15  0.179625E-15  0.100106E-15  0.475408E-15  0.108634E-15  0.289498E-15  0.563645E-15  0.132311E-14  0.220429E-17  0.178645E-16
          37   132.240       3.65000      0.632847E-13  0.291624E-18  0.731299E-20  0.123669E-12  0.343264E-14  0.283826E-15  0.424122E-14  0.250019E-14  0.170989E-14  0.108912E-14  0.861261E-15  0.663942E-15  0.329912E-15  0.146267E-15  0.190291E-16  0.728202E-16  0.286075E-15  0.188162E-15  0.601891E-16  0.579715E-16  0.460101E-16  0.107520E-15  0.608905E-16  0.221483E-15  0.443024E-17  0.433115E-17  0.429924E-16  0.633913E-17  0.171237E-36  0.290818E-16  0.687410E-13  0.131301E-16  0.110696E-15  0.770312E-15  0.446808E-16  0.344129E-15  0.196454E-15  0.110122E-15  0.511528E-15  0.117278E-15  0.316831E-15  0.627135E-15  0.153178E-14  0.274373E-17  0.237751E-16
          38   139.688       3.86050      0.646187E-13  0.456011E-18  0.137932E-19  0.126653E-12  0.339081E-14  0.296542E-15  0.417097E-14  0.246350E-14  0.168334E-14  0.108058E-14  0.859392E-15  0.669159E-15  0.335653E-15  0.149944E-15  0.216896E-16  0.835620E-16  0.325443E-15  0.218806E-15  0.698680E-16  0.676259E-16  0.537646E-16  0.127085E-15  0.709862E-16  0.272486E-15  0.520568E-17  0.556208E-17  0.573863E-16  0.913659E-17  0.158790E-36  0.310895E-16  0.710351E-13  0.121949E-16  0.102670E-15  0.838479E-15  0.414685E-16  0.374800E-15  0.212943E-15  0.119902E-15  0.545627E-15  0.125463E-15  0.342905E-15  0.689754E-15  0.175004E-14  0.336244E-17  0.310245E-16
          39   147.340       4.06603      0.658536E-13  0.689468E-18  0.248243E-19  0.129431E-12  0.334091E-14  0.308988E-15  0.409299E-14  0.242135E-14  0.165303E-14  0.106849E-14  0.854168E-15  0.671026E-15  0.339449E-15  0.152672E-15  0.244580E-16  0.948175E-16  0.366004E-15  0.251445E-15  0.801284E-16  0.778993E-16  0.620183E-16  0.148345E-15  0.816636E-16  0.329498E-15  0.602997E-17  0.701137E-17  0.750879E-16  0.128355E-16  0.147418E-36  0.329355E-16  0.732887E-13  0.113400E-16  0.953377E-16  0.903847E-15  0.385338E-16  0.404243E-15  0.228955E-15  0.129365E-15  0.577637E-15  0.133176E-15  0.367569E-15  0.751065E-15  0.197656E-14  0.406480E-17  0.397856E-16
          40   155.197       4.26634      0.669907E-13  0.101161E-17  0.428448E-19  0.132010E-12  0.328459E-14  0.321141E-15  0.400923E-14  0.237498E-14  0.161981E-14  0.105346E-14  0.846110E-15  0.670004E-15  0.341531E-15  0.154547E-15  0.273205E-16  0.106530E-15  0.407483E-15  0.285933E-15  0.909197E-16  0.887343E-16  0.707220E-16  0.171252E-15  0.928491E-16  0.392369E-15  0.689787E-17  0.869226E-17  0.965120E-16  0.176237E-16  0.137075E-36  0.346178E-16  0.754970E-13  0.105620E-16  0.886691E-16  0.966070E-15  0.358643E-16  0.432298E-15  0.244379E-15  0.138446E-15  0.607522E-15  0.140413E-15  0.390711E-15  0.810701E-15  0.221002E-14  0.485485E-17  0.502343E-16
          41   163.257       4.46193      0.680371E-13  0.144504E-17  0.712173E-19  0.134409E-12  0.322401E-14  0.333015E-15  0.392206E-14  0.232604E-14  0.158494E-14  0.103647E-14  0.836000E-15  0.666691E-15  0.342184E-15  0.155694E-15  0.302690E-16  0.118665E-15  0.449711E-15  0.322182E-15  0.102210E-15  0.100090E-15  0.798402E-16  0.195787E-15  0.104488E-15  0.460968E-15  0.780589E-17  0.106178E-16  0.122097E-15  0.237095E-16  0.127660E-36  0.361443E-16  0.776628E-13  0.985308E-17  0.825991E-16  0.102508E-14  0.334334E-16  0.458929E-15  0.259166E-15  0.147118E-15  0.635400E-15  0.147204E-15  0.412330E-15  0.868523E-15  0.244969E-14  0.573752E-17  0.625620E-16
          42   171.521       4.65294      0.689968E-13  0.201507E-17  0.114441E-18  0.136640E-12  0.316019E-14  0.344621E-15  0.383264E-14  0.227522E-14  0.154888E-14  0.101788E-14  0.824181E-15  0.661436E-15  0.341602E-15  0.156201E-15  0.332924E-16  0.131175E-15  0.492474E-15  0.360049E-15  0.113953E-15  0.111912E-15  0.893254E-16  0.221900E-15  0.116514E-15  0.535040E-15  0.874963E-17  0.127972E-16  0.152266E-15  0.313165E-16  0.119111E-36  0.375195E-16  0.797854E-13  0.920864E-17  0.770866E-16  0.108074E-14  0.312250E-16  0.484070E-15  0.273255E-15  0.155345E-15  0.661317E-15  0.153561E-15  0.432398E-15  0.924329E-15  0.269457E-14  0.671686E-17  0.769573E-16
          43   179.990       4.83977      0.698755E-13  0.274965E-17  0.178365E-18  0.138716E-12  0.309419E-14  0.355981E-15  0.374209E-14  0.222330E-14  0.151216E-14  0.998142E-15  0.811044E-15  0.654598E-15  0.339981E-15  0.156159E-15  0.363818E-16  0.144023E-15  0.535608E-15  0.399414E-15  0.126110E-15  0.124151E-15  0.991354E-16  0.249546E-15  0.128866E-15  0.614312E-15  0.972555E-17  0.152385E-16  0.187450E-15  0.406844E-16  0.111348E-36  0.387514E-16  0.818667E-13  0.862292E-17  0.720815E-16  0.113303E-14  0.292191E-16  0.507706E-15  0.286615E-15  0.163112E-15  0.685374E-15  0.159512E-15  0.450933E-15  0.978022E-15  0.294396E-14  0.779725E-17  0.936168E-16
          44   188.662       5.02290      0.706791E-13  0.367913E-17  0.270408E-18  0.140653E-12  0.302688E-14  0.367127E-15  0.365132E-14  0.217086E-14  0.147520E-14  0.977610E-15  0.796912E-15  0.646485E-15  0.337491E-15  0.155649E-15  0.395292E-16  0.157171E-15  0.578970E-15  0.440155E-15  0.138645E-15  0.136760E-15  0.109230E-15  0.278678E-15  0.141488E-15  0.698484E-15  0.107305E-16  0.179471E-16  0.228071E-15  0.520677E-16  0.104297E-36  0.398491E-16  0.839095E-13  0.809031E-17  0.675350E-16  0.118198E-14  0.273962E-16  0.529846E-15  0.299230E-15  0.170411E-15  0.707683E-15  0.165083E-15  0.467973E-15  0.102955E-14  0.319724E-14  0.898303E-17  0.112742E-15
          45   197.539       5.20269      0.714125E-13  0.483594E-17  0.399778E-18  0.142461E-12  0.295901E-14  0.378083E-15  0.356110E-14  0.211845E-14  0.143837E-14  0.956614E-15  0.782069E-15  0.637365E-15  0.334288E-15  0.154743E-15  0.427259E-16  0.170583E-15  0.622413E-15  0.482137E-15  0.151518E-15  0.149689E-15  0.119565E-15  0.309238E-15  0.154325E-15  0.787209E-15  0.117616E-16  0.209261E-16  0.274542E-15  0.657338E-16  0.978936E-37  0.408206E-16  0.859157E-13  0.760605E-17  0.634056E-16  0.122760E-14  0.257398E-16  0.550497E-15  0.311085E-15  0.177235E-15  0.728336E-15  0.170298E-15  0.483549E-15  0.107886E-14  0.345376E-14  0.102783E-16  0.134536E-15
          46   206.620       5.37991      0.720831E-13  0.625430E-17  0.577629E-18  0.144158E-12  0.289094E-14  0.388898E-15  0.347171E-14  0.206628E-14  0.140180E-14  0.935295E-15  0.766697E-15  0.627445E-15  0.330491E-15  0.153506E-15  0.459679E-16  0.184237E-15  0.665872E-15  0.525268E-15  0.164703E-15  0.162902E-15  0.130112E-15  0.341191E-15  0.167336E-15  0.880181E-15  0.128167E-16  0.241778E-16  0.327279E-15  0.819629E-16  0.920581E-37  0.416781E-16  0.878911E-13  0.716417E-17  0.596420E-16  0.127008E-14  0.242293E-16  0.569735E-15  0.322204E-15  0.183601E-15  0.747495E-15  0.175196E-15  0.497755E-15  0.112603E-14  0.371332E-14  0.116880E-16  0.159214E-15
          47   215.904       5.55489      0.726951E-13  0.796978E-17  0.817292E-18  0.145752E-12  0.282317E-14  0.399596E-15  0.338364E-14  0.201467E-14  0.136572E-14  0.913877E-15  0.750987E-15  0.616911E-15  0.326215E-15  0.151993E-15  0.492471E-16  0.198097E-15  0.709227E-15  0.569413E-15  0.178164E-15  0.176353E-15  0.140831E-15  0.374473E-15  0.180472E-15  0.977023E-15  0.138936E-16  0.277010E-16  0.386668E-15  0.101044E-15  0.867375E-37  0.424293E-16  0.898376E-13  0.676076E-17  0.562102E-16  0.130948E-14  0.228512E-16  0.587585E-15  0.332586E-15  0.189511E-15  0.765246E-15  0.179797E-15  0.510637E-15  0.117105E-14  0.397541E-14  0.132161E-16  0.186985E-15
          48   225.393       5.72810      0.732532E-13  0.100190E-16  0.113439E-17  0.147254E-12  0.275601E-14  0.410205E-15  0.329717E-14  0.196383E-14  0.133026E-14  0.892499E-15  0.735081E-15  0.605918E-15  0.321553E-15  0.150250E-15  0.525574E-16  0.212135E-15  0.752395E-15  0.614451E-15  0.191867E-15  0.190000E-15  0.151686E-15  0.409026E-15  0.193688E-15  0.107737E-14  0.149902E-16  0.314930E-16  0.453088E-15  0.123273E-15  0.818777E-37  0.430831E-16  0.917582E-13  0.639178E-17  0.530751E-16  0.134590E-14  0.215915E-16  0.604097E-15  0.342245E-15  0.194975E-15  0.781692E-15  0.184126E-15  0.522258E-15  0.121395E-14  0.423969E-14  0.148669E-16  0.218065E-15
          49   235.086       5.90012      0.737627E-13  0.124398E-16  0.154708E-17  0.148676E-12  0.268967E-14  0.420762E-15  0.321244E-14  0.191390E-14  0.129551E-14  0.871268E-15  0.719097E-15  0.594587E-15  0.316573E-15  0.148315E-15  0.558947E-16  0.226330E-15  0.795324E-15  0.660285E-15  0.205789E-15  0.203813E-15  0.162652E-15  0.444806E-15  0.206952E-15  0.118090E-14  0.161054E-16  0.355510E-16  0.526921E-15  0.148963E-15  0.774218E-37  0.436490E-16  0.936575E-13  0.605299E-17  0.502001E-16  0.137952E-14  0.204356E-16  0.619341E-15  0.351209E-15  0.200013E-15  0.796955E-15  0.188211E-15  0.532701E-15  0.125484E-14  0.450601E-14  0.166454E-16  0.252683E-15
          50   244.983       6.07104      0.742258E-13  0.152682E-16  0.207567E-17  0.150020E-12  0.262438E-14  0.431270E-15  0.312964E-14  0.186498E-14  0.126153E-14  0.850269E-15  0.703116E-15  0.583028E-15  0.311365E-15  0.146231E-15  0.592487E-16  0.240637E-15  0.837891E-15  0.706745E-15  0.219882E-15  0.217737E-15  0.173683E-15  0.481712E-15  0.220212E-15  0.128714E-14  0.172362E-16  0.398650E-16  0.608451E-15  0.178405E-15  0.733431E-37  0.441321E-16  0.955345E-13  0.574245E-17  0.475680E-16  0.141036E-14  0.193768E-16  0.633331E-15  0.359476E-15  0.204626E-15  0.811075E-15  0.192062E-15  0.541996E-15  0.129366E-14  0.477378E-14  0.185542E-16  0.291032E-15
          51   255.083       6.24137      0.746470E-13  0.185418E-16  0.274333E-17  0.151298E-12  0.256025E-14  0.441757E-15  0.304883E-14  0.181714E-14  0.122837E-14  0.829566E-15  0.687215E-15  0.571325E-15  0.305975E-15  0.144025E-15  0.626160E-16  0.255038E-15  0.880061E-15  0.753736E-15  0.234124E-15  0.231743E-15  0.184757E-15  0.519697E-15  0.233441E-15  0.139577E-14  0.183816E-16  0.444289E-16  0.698017E-15  0.211917E-15  0.695940E-37  0.445410E-16  0.973933E-13  0.545659E-17  0.451482E-16  0.143860E-14  0.184027E-16  0.646142E-15  0.367081E-15  0.208835E-15  0.824160E-15  0.195703E-15  0.550225E-15  0.133053E-14  0.504291E-14  0.205981E-16  0.333341E-15
          52   265.388       6.41145      0.750295E-13  0.222972E-16  0.357563E-17  0.152515E-12  0.249738E-14  0.452238E-15  0.297005E-14  0.177043E-14  0.119605E-14  0.809205E-15  0.671450E-15  0.559548E-15  0.300450E-15  0.141721E-15  0.659907E-16  0.269506E-15  0.921777E-15  0.801141E-15  0.248484E-15  0.245799E-15  0.195845E-15  0.558692E-15  0.246606E-15  0.150643E-14  0.195403E-16  0.492330E-16  0.795907E-15  0.249811E-15  0.661404E-37  0.448824E-16  0.992359E-13  0.519286E-17  0.429187E-16  0.146435E-14  0.175047E-16  0.657828E-15  0.374045E-15  0.212658E-15  0.836286E-15  0.199150E-15  0.557448E-15  0.136550E-14  0.531316E-14  0.227811E-16  0.379828E-15
          53   275.897       6.58157      0.753763E-13  0.265697E-16  0.460065E-17  0.153677E-12  0.243581E-14  0.462725E-15  0.289331E-14  0.172486E-14  0.116458E-14  0.789220E-15  0.655866E-15  0.547756E-15  0.294831E-15  0.139342E-15  0.693674E-16  0.284014E-15  0.962990E-15  0.848841E-15  0.262934E-15  0.259870E-15  0.206922E-15  0.598627E-15  0.259677E-15  0.161875E-14  0.207107E-16  0.542665E-16  0.902383E-15  0.292396E-15  0.629518E-37  0.451624E-16  0.101064E-12  0.494901E-17  0.408598E-16  0.148773E-14  0.166748E-16  0.668441E-15  0.380392E-15  0.216109E-15  0.847521E-15  0.202420E-15  0.563726E-15  0.139864E-14  0.558432E-14  0.251071E-16  0.430709E-15
          54   286.611       6.75202      0.756902E-13  0.313925E-16  0.584879E-17  0.154789E-12  0.237554E-14  0.473227E-15  0.281857E-14  0.168040E-14  0.113393E-14  0.769587E-15  0.640453E-15  0.535960E-15  0.289143E-15  0.136904E-15  0.727401E-16  0.298535E-15  0.100365E-14  0.896713E-15  0.277440E-15  0.273922E-15  0.217957E-15  0.639418E-15  0.272623E-15  0.173235E-14  0.218907E-16  0.595154E-16  0.101765E-14  0.339970E-15  0.599988E-37  0.453874E-16  0.102880E-12  0.472286E-17  0.389528E-16  0.150888E-14  0.159056E-16  0.678045E-15  0.386152E-15  0.219209E-15  0.857937E-15  0.205526E-15  0.569125E-15  0.143001E-14  0.585616E-14  0.275790E-16  0.486183E-15
          55   297.528       6.92299      0.759729E-13  0.367995E-16  0.735295E-17  0.155855E-12  0.231673E-14  0.483743E-15  0.274589E-14  0.163715E-14  0.110416E-14  0.750428E-15  0.625332E-15  0.524274E-15  0.283432E-15  0.134428E-15  0.761044E-16  0.313049E-15  0.104372E-14  0.944668E-15  0.291982E-15  0.287933E-15  0.228936E-15  0.681015E-15  0.285426E-15  0.184698E-14  0.230801E-16  0.649705E-16  0.114197E-14  0.392852E-15  0.572629E-37  0.455610E-16  0.104683E-12  0.451298E-17  0.371854E-16  0.152786E-14  0.151922E-16  0.686664E-15  0.391337E-15  0.221966E-15  0.867572E-15  0.208478E-15  0.573678E-15  0.145965E-14  0.612851E-14  0.302020E-16  0.546493E-15
          56   308.649       7.09472      0.762270E-13  0.428204E-16  0.914796E-17  0.156878E-12  0.225930E-14  0.494276E-15  0.267521E-14  0.159505E-14  0.107522E-14  0.731700E-15  0.610474E-15  0.512691E-15  0.277712E-15  0.131925E-15  0.794549E-16  0.327529E-15  0.108315E-14  0.992587E-15  0.306528E-15  0.301873E-15  0.239832E-15  0.723336E-15  0.298059E-15  0.196229E-14  0.242769E-16  0.706163E-16  0.127549E-14  0.451333E-15  0.547203E-37  0.456888E-16  0.106477E-12  0.431764E-17  0.355425E-16  0.154480E-14  0.145286E-16  0.694361E-15  0.395976E-15  0.224399E-15  0.876487E-15  0.211287E-15  0.577446E-15  0.148764E-14  0.640117E-14  0.329790E-16  0.611834E-15
          57   319.974       7.26739      0.764544E-13  0.494834E-16  0.112707E-16  0.157863E-12  0.220328E-14  0.504823E-15  0.260650E-14  0.155409E-14  0.104710E-14  0.713408E-15  0.595896E-15  0.501236E-15  0.272006E-15  0.129407E-15  0.827866E-16  0.341952E-15  0.112192E-14  0.104037E-14  0.321054E-15  0.315715E-15  0.250626E-15  0.766305E-15  0.310501E-15  0.207795E-14  0.254796E-16  0.764382E-16  0.141837E-14  0.515701E-15  0.523523E-37  0.457751E-16  0.108260E-12  0.413543E-17  0.340121E-16  0.155981E-14  0.139101E-16  0.701180E-15  0.400094E-15  0.226524E-15  0.884729E-15  0.213962E-15  0.580479E-15  0.151402E-14  0.667395E-14  0.359134E-16  0.682412E-15
          58   331.503       7.44117      0.766567E-13  0.568145E-16  0.137597E-16  0.158812E-12  0.214864E-14  0.515380E-15  0.253970E-14  0.151425E-14  0.101979E-14  0.695557E-15  0.581608E-15  0.489932E-15  0.266328E-15  0.126883E-15  0.860948E-16  0.356295E-15  0.115999E-14  0.108792E-14  0.335534E-15  0.329436E-15  0.261300E-15  0.809853E-15  0.322733E-15  0.219368E-14  0.266866E-16  0.824215E-16  0.157073E-14  0.586239E-15  0.501425E-37  0.458238E-16  0.110035E-12  0.396514E-17  0.325836E-16  0.157298E-14  0.133323E-16  0.707168E-15  0.403713E-15  0.228357E-15  0.892339E-15  0.216512E-15  0.582823E-15  0.153887E-14  0.694670E-14  0.390086E-16  0.758431E-15
          59   343.237       7.61621      0.768355E-13  0.648367E-16  0.166552E-16  0.159728E-12  0.209538E-14  0.525940E-15  0.247477E-14  0.147551E-14  0.993257E-15  0.678145E-15  0.567618E-15  0.478794E-15  0.260693E-15  0.124363E-15  0.893750E-16  0.370539E-15  0.119733E-14  0.113513E-14  0.349944E-15  0.343014E-15  0.271838E-15  0.853907E-15  0.334738E-15  0.230920E-14  0.278966E-16  0.885509E-16  0.173266E-14  0.663217E-15  0.480763E-37  0.458384E-16  0.111801E-12  0.380568E-17  0.312475E-16  0.158442E-14  0.127916E-16  0.712366E-15  0.406857E-15  0.229913E-15  0.899358E-15  0.218944E-15  0.584522E-15  0.156223E-14  0.721923E-14  0.422678E-16  0.840090E-15
          60   355.174       7.79268      0.769927E-13  0.735719E-16  0.199989E-16  0.160613E-12  0.204358E-14  0.536495E-15  0.241178E-14  0.143791E-14  0.967537E-15  0.661229E-15  0.553982E-15  0.467894E-15  0.255141E-15  0.121860E-15  0.926237E-16  0.384664E-15  0.123393E-14  0.118194E-14  0.364264E-15  0.356433E-15  0.282226E-15  0.898403E-15  0.346503E-15  0.242427E-14  0.291082E-16  0.948120E-16  0.190426E-14  0.746907E-15  0.461372E-37  0.458226E-16  0.113560E-12  0.365578E-17  0.299933E-16  0.159421E-14  0.122836E-16  0.716821E-15  0.409550E-15  0.231206E-15  0.905826E-15  0.221265E-15  0.585621E-15  0.158416E-14  0.749144E-14  0.456946E-16  0.927595E-15
          61   367.316       7.97059      0.771287E-13  0.830360E-16  0.238325E-16  0.161468E-12  0.199303E-14  0.547031E-15  0.235047E-14  0.140129E-14  0.942517E-15  0.644687E-15  0.540600E-15  0.457125E-15  0.249624E-15  0.119366E-15  0.958354E-16  0.398647E-15  0.126975E-14  0.122824E-14  0.378467E-15  0.369667E-15  0.292446E-15  0.943258E-15  0.358010E-15  0.253861E-14  0.303195E-16  0.101188E-15  0.208552E-14  0.837541E-15  0.443210E-37  0.457789E-16  0.115311E-12  0.351521E-17  0.288184E-16  0.160243E-14  0.118075E-16  0.720562E-15  0.411809E-15  0.232249E-15  0.911762E-15  0.223478E-15  0.586151E-15  0.160471E-14  0.776306E-14  0.492911E-16  0.102111E-14
          62   379.661       8.15009      0.772452E-13  0.932451E-16  0.281996E-16  0.162295E-12  0.194379E-14  0.557538E-15  0.229089E-14  0.136570E-14  0.918224E-15  0.628574E-15  0.527526E-15  0.446555E-15  0.244181E-15  0.116893E-15  0.990070E-16  0.412472E-15  0.130478E-14  0.127396E-14  0.392537E-15  0.382703E-15  0.302489E-15  0.988412E-15  0.369250E-15  0.265202E-14  0.315291E-16  0.107664E-15  0.227648E-14  0.935365E-15  0.426137E-37  0.457102E-16  0.117055E-12  0.338286E-17  0.277135E-16  0.160916E-14  0.113594E-16  0.723633E-15  0.413658E-15  0.233056E-15  0.917204E-15  0.225589E-15  0.586155E-15  0.162393E-14  0.803400E-14  0.530608E-16  0.112084E-14
          63   392.211       8.33128      0.773433E-13  0.104212E-15  0.331438E-16  0.163095E-12  0.189585E-14  0.568003E-15  0.223301E-14  0.133111E-14  0.894638E-15  0.612884E-15  0.514761E-15  0.436192E-15  0.238818E-15  0.114447E-15  0.102135E-15  0.426123E-15  0.133899E-14  0.131904E-14  0.406453E-15  0.395527E-15  0.312344E-15  0.103380E-14  0.380211E-15  0.276428E-14  0.327357E-16  0.114225E-15  0.247713E-14  0.104061E-14  0.410060E-37  0.456191E-16  0.118792E-12  0.325806E-17  0.266729E-16  0.161450E-14  0.109371E-16  0.726069E-15  0.415117E-15  0.233640E-15  0.922178E-15  0.227601E-15  0.585666E-15  0.164187E-14  0.830411E-14  0.570064E-16  0.122696E-14
          64   404.965       8.51423      0.774239E-13  0.115946E-15  0.387092E-16  0.163871E-12  0.184917E-14  0.578413E-15  0.217677E-14  0.129749E-14  0.871739E-15  0.597610E-15  0.502303E-15  0.426039E-15  0.233540E-15  0.112030E-15  0.105216E-15  0.439585E-15  0.137238E-14  0.136340E-14  0.420199E-15  0.408126E-15  0.322002E-15  0.107936E-14  0.390886E-15  0.287520E-14  0.339376E-16  0.120856E-15  0.268746E-14  0.115348E-14  0.394898E-37  0.455079E-16  0.120522E-12  0.314019E-17  0.256912E-16  0.161850E-14  0.105386E-16  0.727906E-15  0.416206E-15  0.234014E-15  0.926710E-15  0.229520E-15  0.584718E-15  0.165859E-14  0.857327E-14  0.611308E-16  0.133964E-14
          65   417.922       8.69910      0.774881E-13  0.128459E-15  0.449413E-16  0.164623E-12  0.180358E-14  0.588761E-15  0.212193E-14  0.126470E-14  0.849405E-15  0.582667E-15  0.490091E-15  0.416045E-15  0.228329E-15  0.109641E-15  0.108250E-15  0.452849E-15  0.140495E-14  0.140701E-14  0.433766E-15  0.420493E-15  0.331460E-15  0.112505E-14  0.401274E-15  0.298469E-14  0.351343E-16  0.127548E-15  0.290749E-14  0.127422E-14  0.380578E-37  0.453790E-16  0.122246E-12  0.302874E-17  0.247639E-16  0.162126E-14  0.101618E-16  0.729175E-15  0.416944E-15  0.234189E-15  0.930827E-15  0.231348E-15  0.583343E-15  0.167413E-14  0.884144E-14  0.654383E-16  0.145909E-14
          66   431.084       8.88577      0.775366E-13  0.141747E-15  0.518811E-16  0.165352E-12  0.175938E-14  0.599019E-15  0.206886E-14  0.123297E-14  0.827827E-15  0.568208E-15  0.478244E-15  0.406326E-15  0.223236E-15  0.107292E-15  0.111229E-15  0.465890E-15  0.143665E-14  0.144977E-14  0.447125E-15  0.432606E-15  0.340701E-15  0.117077E-14  0.411355E-15  0.309243E-14  0.363226E-16  0.134278E-15  0.313699E-14  0.140294E-14  0.367031E-37  0.452337E-16  0.123963E-12  0.292315E-17  0.238864E-16  0.162283E-14  0.980508E-17  0.729909E-15  0.417351E-15  0.234177E-15  0.934542E-15  0.233087E-15  0.581570E-15  0.168852E-14  0.910829E-14  0.699282E-16  0.158540E-14
          67   444.450       9.07438      0.775702E-13  0.155817E-15  0.595733E-16  0.166059E-12  0.171638E-14  0.609180E-15  0.201730E-14  0.120214E-14  0.806878E-15  0.554141E-15  0.466695E-15  0.396823E-15  0.218238E-15  0.104980E-15  0.114153E-15  0.478701E-15  0.146750E-14  0.149165E-14  0.460269E-15  0.444461E-15  0.349725E-15  0.121649E-14  0.421132E-15  0.319835E-14  0.375018E-16  0.141038E-15  0.337597E-14  0.153986E-14  0.354201E-37  0.450741E-16  0.125673E-12  0.282301E-17  0.230551E-16  0.162328E-14  0.946693E-17  0.730137E-15  0.417443E-15  0.233990E-15  0.937880E-15  0.234740E-15  0.579427E-15  0.170182E-14  0.937380E-14  0.746045E-16  0.171876E-14
          68   458.020       9.26498      0.775898E-13  0.170668E-15  0.680606E-16  0.166744E-12  0.167453E-14  0.619229E-15  0.196720E-14  0.117219E-14  0.786541E-15  0.540458E-15  0.455441E-15  0.387536E-15  0.213339E-15  0.102707E-15  0.117019E-15  0.491273E-15  0.149749E-14  0.153261E-14  0.473186E-15  0.456051E-15  0.358526E-15  0.126215E-14  0.430600E-15  0.330233E-14  0.386707E-16  0.147815E-15  0.362431E-14  0.168514E-14  0.342034E-37  0.449019E-16  0.127376E-12  0.272793E-17  0.222666E-16  0.162268E-14  0.914599E-17  0.729889E-15  0.417239E-15  0.233638E-15  0.940860E-15  0.236309E-15  0.576940E-15  0.171408E-14  0.963786E-14  0.794695E-16  0.185931E-14
          69   471.794       9.45762      0.775960E-13  0.186299E-15  0.773851E-16  0.167409E-12  0.163383E-14  0.629155E-15  0.191854E-14  0.114309E-14  0.766795E-15  0.527151E-15  0.444475E-15  0.378466E-15  0.208539E-15  0.100475E-15  0.119827E-15  0.503595E-15  0.152662E-14  0.157260E-14  0.485864E-15  0.467371E-15  0.367102E-15  0.130770E-14  0.439757E-15  0.340424E-14  0.398279E-16  0.154595E-15  0.388190E-14  0.183891E-14  0.330482E-37  0.447185E-16  0.129073E-12  0.263754E-17  0.215177E-16  0.162108E-14  0.884103E-17  0.729191E-15  0.416755E-15  0.233131E-15  0.943499E-15  0.237797E-15  0.574135E-15  0.172532E-14  0.990037E-14  0.845257E-16  0.200722E-14
          70   485.772       9.65232      0.775896E-13  0.202705E-15  0.875877E-16  0.168053E-12  0.159423E-14  0.638943E-15  0.187126E-14  0.111481E-14  0.747625E-15  0.514209E-15  0.433794E-15  0.369610E-15  0.203839E-15  0.982841E-16  0.122574E-15  0.515659E-15  0.155487E-14  0.161160E-14  0.498295E-15  0.478413E-15  0.375450E-15  0.135310E-14  0.448600E-15  0.350398E-14  0.409720E-16  0.161369E-15  0.414861E-14  0.200133E-14  0.319501E-37  0.445253E-16  0.130763E-12  0.255152E-17  0.208057E-16  0.161855E-14  0.855092E-17  0.728070E-15  0.416006E-15  0.232478E-15  0.945813E-15  0.239204E-15  0.571035E-15  0.173559E-14  0.101612E-13  0.897753E-16  0.216261E-14
          71   499.954       9.84888      0.775703E-13  0.219871E-15  0.987048E-16  0.168676E-12  0.155576E-14  0.648567E-15  0.182542E-14  0.108739E-14  0.729059E-15  0.501639E-15  0.423389E-15  0.360950E-15  0.199230E-15  0.961298E-16  0.125254E-15  0.527440E-15  0.158222E-14  0.164952E-14  0.510452E-15  0.489157E-15  0.383555E-15  0.139825E-14  0.457116E-15  0.360131E-14  0.421005E-16  0.168117E-15  0.442411E-14  0.217241E-14  0.309122E-37  0.443229E-16  0.132443E-12  0.247015E-17  0.201327E-16  0.161511E-14  0.827658E-17  0.726541E-15  0.415003E-15  0.231687E-15  0.947798E-15  0.240526E-15  0.567655E-15  0.174490E-14  0.104200E-13  0.952163E-16  0.232551E-14
          72   514.340       10.0478      0.775403E-13  0.237807E-15  0.110782E-15  0.169282E-12  0.151830E-14  0.658044E-15  0.178079E-14  0.106071E-14  0.710986E-15  0.489404E-15  0.413262E-15  0.352519E-15  0.194733E-15  0.940241E-16  0.127874E-15  0.538967E-15  0.160874E-14  0.168645E-14  0.522361E-15  0.499634E-15  0.391442E-15  0.144320E-14  0.465332E-15  0.369646E-14  0.432150E-16  0.174845E-15  0.470863E-14  0.235246E-14  0.299164E-37  0.441139E-16  0.134119E-12  0.239196E-17  0.194867E-16  0.161086E-14  0.801309E-17  0.724649E-15  0.413773E-15  0.230771E-15  0.949512E-15  0.241778E-15  0.564032E-15  0.175336E-14  0.106773E-13  0.100859E-15  0.249625E-14
          73   528.930       10.2490      0.774994E-13  0.256494E-15  0.123853E-15  0.169870E-12  0.148186E-14  0.667349E-15  0.173742E-14  0.103478E-14  0.693438E-15  0.477508E-15  0.403402E-15  0.344296E-15  0.190336E-15  0.919614E-16  0.130430E-15  0.550216E-15  0.163439E-14  0.172231E-14  0.533999E-15  0.509824E-15  0.399097E-15  0.148788E-14  0.473234E-15  0.378920E-14  0.443128E-16  0.181535E-15  0.500181E-14  0.254148E-14  0.289668E-37  0.438987E-16  0.135789E-12  0.231732E-17  0.188706E-16  0.160584E-14  0.776167E-17  0.722405E-15  0.412322E-15  0.229737E-15  0.950945E-15  0.242954E-15  0.560177E-15  0.176095E-14  0.109327E-13  0.106701E-15  0.267485E-14
          74   543.725       10.4523      0.774481E-13  0.275922E-15  0.137953E-15  0.170439E-12  0.144642E-14  0.676471E-15  0.169530E-14  0.100959E-14  0.676400E-15  0.465944E-15  0.393805E-15  0.336278E-15  0.186040E-15  0.899420E-16  0.132920E-15  0.561183E-15  0.165918E-14  0.175708E-14  0.545360E-15  0.519724E-15  0.406521E-15  0.153223E-14  0.480824E-15  0.387948E-14  0.453931E-16  0.188179E-15  0.530348E-14  0.273955E-14  0.280606E-37  0.436783E-16  0.137452E-12  0.224602E-17  0.182825E-16  0.160008E-14  0.752156E-17  0.719832E-15  0.410666E-15  0.228591E-15  0.952111E-15  0.244055E-15  0.556109E-15  0.176773E-14  0.111860E-13  0.112744E-15  0.286141E-14
          75   558.723       10.6578      0.773869E-13  0.296079E-15  0.153117E-15  0.170990E-12  0.141196E-14  0.685400E-15  0.165436E-14  0.985122E-15  0.659856E-15  0.454703E-15  0.384464E-15  0.328462E-15  0.181843E-15  0.879658E-16  0.135343E-15  0.571862E-15  0.168311E-14  0.179075E-14  0.556439E-15  0.529333E-15  0.413715E-15  0.157623E-14  0.488103E-15  0.396724E-14  0.464547E-16  0.194768E-15  0.561347E-14  0.294676E-14  0.271949E-37  0.434534E-16  0.139107E-12  0.217784E-17  0.177206E-16  0.159364E-14  0.729205E-17  0.716949E-15  0.408816E-15  0.227342E-15  0.953024E-15  0.245083E-15  0.551846E-15  0.177371E-14  0.114374E-13  0.118990E-15  0.305605E-14
          76   573.925       10.8656      0.773163E-13  0.316951E-15  0.169377E-15  0.171524E-12  0.137844E-14  0.694127E-15  0.161459E-14  0.961348E-15  0.643791E-15  0.443775E-15  0.375373E-15  0.320844E-15  0.177745E-15  0.860327E-16  0.137698E-15  0.582251E-15  0.170618E-14  0.182330E-14  0.567232E-15  0.538653E-15  0.420679E-15  0.161984E-14  0.495074E-15  0.405244E-14  0.474967E-16  0.201295E-15  0.593159E-14  0.316317E-14  0.263674E-37  0.432250E-16  0.140756E-12  0.211259E-17  0.171833E-16  0.158655E-14  0.707249E-17  0.713777E-15  0.406785E-15  0.225998E-15  0.953694E-15  0.246038E-15  0.547405E-15  0.177894E-14  0.116866E-13  0.125440E-15  0.325885E-14
          77   589.332       11.0757      0.772370E-13  0.338529E-15  0.186768E-15  0.172041E-12  0.134587E-14  0.702650E-15  0.157598E-14  0.938269E-15  0.628205E-15  0.433166E-15  0.366540E-15  0.313433E-15  0.173748E-15  0.841433E-16  0.139987E-15  0.592354E-15  0.172842E-14  0.185475E-14  0.577740E-15  0.547686E-15  0.427420E-15  0.166305E-14  0.501743E-15  0.413510E-14  0.485185E-16  0.207755E-15  0.625773E-14  0.338887E-14  0.255728E-37  0.429940E-16  0.142398E-12  0.204988E-17  0.166673E-16  0.157887E-14  0.686153E-17  0.710337E-15  0.404587E-15  0.224565E-15  0.954139E-15  0.246923E-15  0.542804E-15  0.178346E-14  0.119337E-13  0.132098E-15  0.346997E-14
          78   604.942       11.2880      0.771489E-13  0.360787E-15  0.205312E-15  0.172540E-12  0.131418E-14  0.710950E-15  0.153843E-14  0.915826E-15  0.613054E-15  0.422840E-15  0.357932E-15  0.306200E-15  0.169843E-15  0.822957E-16  0.142207E-15  0.602156E-15  0.174981E-14  0.188506E-14  0.587951E-15  0.556425E-15  0.433931E-15  0.170579E-14  0.508107E-15  0.421511E-14  0.495189E-16  0.214136E-15  0.659153E-14  0.362383E-14  0.248148E-37  0.427608E-16  0.144033E-12  0.199001E-17  0.161750E-16  0.157062E-14  0.666019E-17  0.706640E-15  0.402230E-15  0.223049E-15  0.954358E-15  0.247736E-15  0.538052E-15  0.178727E-14  0.121784E-13  0.138963E-15  0.368938E-14
          79   620.757       11.5026      0.770526E-13  0.383716E-15  0.225040E-15  0.173022E-12  0.128335E-14  0.719027E-15  0.150194E-14  0.894019E-15  0.598340E-15  0.412803E-15  0.349557E-15  0.299153E-15  0.166032E-15  0.804903E-16  0.144359E-15  0.611663E-15  0.177036E-14  0.191424E-14  0.597868E-15  0.564876E-15  0.440221E-15  0.174806E-14  0.514172E-15  0.429249E-14  0.504973E-16  0.220436E-15  0.693288E-14  0.386811E-14  0.240885E-37  0.425262E-16  0.145660E-12  0.193259E-17  0.157031E-16  0.156184E-14  0.646714E-17  0.702708E-15  0.399726E-15  0.221456E-15  0.954368E-15  0.248479E-15  0.533166E-15  0.179042E-14  0.124209E-13  0.146036E-15  0.391721E-14
          80   636.775       11.7196      0.769487E-13  0.407297E-15  0.245978E-15  0.173487E-12  0.125338E-14  0.726875E-15  0.146648E-14  0.872830E-15  0.584048E-15  0.403047E-15  0.341408E-15  0.292288E-15  0.162314E-15  0.787266E-16  0.146443E-15  0.620873E-15  0.179008E-14  0.194229E-14  0.607490E-15  0.573041E-15  0.446291E-15  0.178984E-14  0.519943E-15  0.436723E-14  0.514531E-16  0.226648E-15  0.728157E-14  0.412175E-14  0.233920E-37  0.422908E-16  0.147280E-12  0.187748E-17  0.152506E-16  0.155258E-14  0.628193E-17  0.698556E-15  0.397087E-15  0.219794E-15  0.954178E-15  0.249154E-15  0.528161E-15  0.179292E-14  0.126611E-13  0.153319E-15  0.415354E-14
          81   652.998       11.9389      0.768375E-13  0.431514E-15  0.268149E-15  0.173937E-12  0.122423E-14  0.734488E-15  0.143202E-14  0.852240E-15  0.570167E-15  0.393563E-15  0.333481E-15  0.285603E-15  0.158688E-15  0.770040E-16  0.148458E-15  0.629788E-15  0.180899E-14  0.196922E-14  0.616816E-15  0.580921E-15  0.452145E-15  0.183110E-14  0.525424E-15  0.443934E-14  0.523857E-16  0.232769E-15  0.763740E-14  0.438476E-14  0.227238E-37  0.420552E-16  0.148893E-12  0.182456E-17  0.148164E-16  0.154286E-14  0.610412E-17  0.694200E-15  0.394321E-15  0.218067E-15  0.953799E-15  0.249762E-15  0.523047E-15  0.179482E-14  0.128988E-13  0.160814E-15  0.439842E-14
          82   669.425       12.1605      0.767192E-13  0.456349E-15  0.291576E-15  0.174370E-12  0.119588E-14  0.741863E-15  0.139853E-14  0.832232E-15  0.556683E-15  0.384344E-15  0.325768E-15  0.279092E-15  0.155151E-15  0.753221E-16  0.150406E-15  0.638406E-15  0.182709E-14  0.199504E-14  0.625846E-15  0.588519E-15  0.457787E-15  0.187181E-14  0.530621E-15  0.450880E-14  0.532945E-16  0.238793E-15  0.800016E-14  0.465715E-14  0.220822E-37  0.418198E-16  0.150499E-12  0.177372E-17  0.143993E-16  0.153272E-14  0.593331E-17  0.689655E-15  0.391439E-15  0.216282E-15  0.953241E-15  0.250303E-15  0.517838E-15  0.179614E-14  0.131342E-13  0.168521E-15  0.465192E-14
          83   686.056       12.3844      0.765942E-13  0.481777E-15  0.316277E-15  0.174786E-12  0.116832E-14  0.748989E-15  0.136599E-14  0.812793E-15  0.543583E-15  0.375382E-15  0.318267E-15  0.272755E-15  0.151704E-15  0.736805E-16  0.152284E-15  0.646723E-15  0.184438E-14  0.201972E-14  0.634575E-15  0.595834E-15  0.463215E-15  0.191196E-14  0.535533E-15  0.457558E-14  0.541789E-16  0.244713E-15  0.836955E-14  0.493886E-14  0.214676E-37  0.415850E-16  0.152096E-12  0.172498E-17  0.139998E-16  0.152218E-14  0.576963E-17  0.684932E-15  0.388448E-15  0.214441E-15  0.952505E-15  0.250776E-15  0.512541E-15  0.179689E-14  0.133671E-13  0.176439E-15  0.491404E-14
          84   702.890       12.6109      0.764631E-13  0.507793E-15  0.342275E-15  0.175188E-12  0.114150E-14  0.755875E-15  0.133435E-14  0.793894E-15  0.530857E-15  0.366669E-15  0.310967E-15  0.266581E-15  0.148342E-15  0.720778E-16  0.154097E-15  0.654753E-15  0.186090E-14  0.204332E-14  0.643015E-15  0.602878E-15  0.468443E-15  0.195155E-14  0.540174E-15  0.463979E-14  0.550390E-16  0.250533E-15  0.874556E-14  0.522999E-14  0.208750E-37  0.413515E-16  0.153688E-12  0.167794E-17  0.136145E-16  0.151130E-14  0.561170E-17  0.680050E-15  0.385361E-15  0.212553E-15  0.951613E-15  0.251187E-15  0.507173E-15  0.179712E-14  0.135975E-13  0.184573E-15  0.518491E-14
          85   719.929       12.8397      0.763261E-13  0.534371E-15  0.369585E-15  0.175573E-12  0.111542E-14  0.762512E-15  0.130359E-14  0.775526E-15  0.518493E-15  0.358199E-15  0.303866E-15  0.260569E-15  0.145063E-15  0.705136E-16  0.155842E-15  0.662491E-15  0.187664E-14  0.206584E-14  0.651161E-15  0.609651E-15  0.473470E-15  0.199055E-14  0.544546E-15  0.470139E-14  0.558741E-16  0.256246E-15  0.912787E-14  0.553047E-14  0.203050E-37  0.411196E-16  0.155272E-12  0.163267E-17  0.132438E-16  0.150008E-14  0.545973E-17  0.675020E-15  0.382183E-15  0.210621E-15  0.950566E-15  0.251534E-15  0.501740E-15  0.179684E-14  0.138256E-13  0.192922E-15  0.546454E-14
          86   737.172       13.0709      0.761834E-13  0.561493E-15  0.398222E-15  0.175944E-12  0.109006E-14  0.768899E-15  0.127369E-14  0.757671E-15  0.506479E-15  0.349965E-15  0.296956E-15  0.254715E-15  0.141868E-15  0.689872E-16  0.157522E-15  0.669938E-15  0.189163E-14  0.208727E-14  0.659015E-15  0.616155E-15  0.478301E-15  0.202895E-14  0.548654E-15  0.476040E-14  0.566840E-16  0.261850E-15  0.951629E-14  0.584028E-14  0.197565E-37  0.408896E-16  0.156849E-12  0.158907E-17  0.128871E-16  0.148855E-14  0.531342E-17  0.669852E-15  0.378922E-15  0.208648E-15  0.949374E-15  0.251819E-15  0.496253E-15  0.179608E-14  0.140511E-13  0.201485E-15  0.575296E-14
          87   754.619       13.3046      0.760353E-13  0.589139E-15  0.428200E-15  0.176299E-12  0.106538E-14  0.775033E-15  0.124462E-14  0.740314E-15  0.494803E-15  0.341958E-15  0.290234E-15  0.249015E-15  0.138753E-15  0.674980E-16  0.159135E-15  0.677097E-15  0.190586E-14  0.210763E-14  0.666580E-15  0.622395E-15  0.482939E-15  0.206674E-14  0.552504E-15  0.481685E-14  0.574685E-16  0.267341E-15  0.991059E-14  0.615938E-14  0.192284E-37  0.406619E-16  0.158419E-12  0.154707E-17  0.125436E-16  0.147675E-14  0.517249E-17  0.664560E-15  0.375586E-15  0.206640E-15  0.948042E-15  0.252042E-15  0.490718E-15  0.179485E-14  0.142741E-13  0.210264E-15  0.605018E-14
          88   772.270       13.5408      0.758822E-13  0.617292E-15  0.459531E-15  0.176639E-12  0.104138E-14  0.780915E-15  0.121636E-14  0.723440E-15  0.483456E-15  0.334172E-15  0.283693E-15  0.243465E-15  0.135717E-15  0.660450E-16  0.160684E-15  0.683971E-15  0.191935E-14  0.212694E-14  0.673856E-15  0.628374E-15  0.487390E-15  0.210390E-14  0.556101E-15  0.487076E-14  0.582274E-16  0.272718E-15  0.103106E-13  0.648774E-14  0.187197E-37  0.404366E-16  0.159981E-12  0.150659E-17  0.122126E-16  0.146469E-14  0.503668E-17  0.659153E-15  0.372183E-15  0.204600E-15  0.946580E-15  0.252205E-15  0.485146E-15  0.179318E-14  0.144946E-13  0.219259E-15  0.635624E-14
          89   790.126       13.7794      0.757244E-13  0.645922E-15  0.492219E-15  0.176964E-12  0.101803E-14  0.786538E-15  0.118887E-14  0.707037E-15  0.472429E-15  0.326601E-15  0.277327E-15  0.238056E-15  0.132755E-15  0.646269E-16  0.162166E-15  0.690555E-15  0.193211E-14  0.214519E-14  0.680840E-15  0.634091E-15  0.491652E-15  0.214040E-14  0.559446E-15  0.492209E-14  0.589597E-16  0.277976E-15  0.107159E-13  0.682522E-14  0.182298E-37  0.402145E-16  0.161535E-12  0.146758E-17  0.118939E-16  0.145241E-14  0.490586E-17  0.653648E-15  0.368722E-15  0.202535E-15  0.944995E-15  0.252307E-15  0.479549E-15  0.179109E-14  0.147124E-13  0.228467E-15  0.667105E-14
          90   808.185       14.0205      0.755620E-13  0.675029E-15  0.526285E-15  0.177274E-12  0.995310E-15  0.791913E-15  0.116214E-14  0.691085E-15  0.461708E-15  0.319239E-15  0.271135E-15  0.232794E-15  0.129871E-15  0.632443E-16  0.163587E-15  0.696867E-15  0.194416E-14  0.216245E-14  0.687550E-15  0.639563E-15  0.495741E-15  0.217629E-14  0.562556E-15  0.497101E-14  0.596669E-16  0.283121E-15  0.111266E-13  0.717195E-14  0.177571E-37  0.399951E-16  0.163084E-12  0.142991E-17  0.115863E-16  0.143991E-14  0.477954E-17  0.648044E-15  0.365203E-15  0.200442E-15  0.943291E-15  0.252352E-15  0.473922E-15  0.178860E-14  0.149278E-13  0.237893E-15  0.699481E-14
          91   826.448       14.2642      0.753953E-13  0.704586E-15  0.561731E-15  0.177570E-12  0.973205E-15  0.797034E-15  0.113615E-14  0.675572E-15  0.451286E-15  0.312078E-15  0.265109E-15  0.227672E-15  0.127060E-15  0.618956E-16  0.164944E-15  0.702903E-15  0.195552E-14  0.217870E-14  0.693980E-15  0.644788E-15  0.499657E-15  0.221153E-14  0.565431E-15  0.501749E-14  0.603483E-16  0.288149E-15  0.115425E-13  0.752780E-14  0.173010E-37  0.397789E-16  0.164625E-12  0.139356E-17  0.112895E-16  0.142723E-14  0.465765E-17  0.642355E-15  0.361635E-15  0.198328E-15  0.941478E-15  0.252340E-15  0.468279E-15  0.178572E-14  0.151406E-13  0.247535E-15  0.732744E-14
          92   844.915       14.5104      0.752245E-13  0.734574E-15  0.598562E-15  0.177852E-12  0.951697E-15  0.801903E-15  0.111086E-14  0.660486E-15  0.441153E-15  0.305113E-15  0.259245E-15  0.222683E-15  0.124321E-15  0.605802E-16  0.166240E-15  0.708666E-15  0.196619E-14  0.219396E-14  0.700133E-15  0.649771E-15  0.503403E-15  0.224612E-14  0.568076E-15  0.506156E-14  0.610039E-16  0.293057E-15  0.119632E-13  0.789269E-14  0.168610E-37  0.395662E-16  0.166158E-12  0.135845E-17  0.110030E-16  0.141437E-14  0.453998E-17  0.636591E-15  0.358024E-15  0.196197E-15  0.939561E-15  0.252272E-15  0.462626E-15  0.178248E-14  0.153510E-13  0.257393E-15  0.766892E-14
          93   863.587       14.7592      0.750500E-13  0.764974E-15  0.636784E-15  0.178119E-12  0.930766E-15  0.806520E-15  0.108627E-14  0.645812E-15  0.431301E-15  0.298338E-15  0.253539E-15  0.217826E-15  0.121651E-15  0.592971E-16  0.167474E-15  0.714160E-15  0.197619E-14  0.220826E-14  0.706015E-15  0.654516E-15  0.506985E-15  0.228005E-14  0.570500E-15  0.510327E-14  0.616336E-16  0.297847E-15  0.123885E-13  0.826657E-14  0.164361E-37  0.393571E-16  0.167685E-12  0.132454E-17  0.107264E-16  0.140136E-14  0.442633E-17  0.630759E-15  0.354376E-15  0.194050E-15  0.937546E-15  0.252149E-15  0.456968E-15  0.177889E-14  0.155588E-13  0.267465E-15  0.801926E-14
          94   882.462       15.0105      0.748719E-13  0.795768E-15  0.676398E-15  0.178372E-12  0.910397E-15  0.810887E-15  0.106234E-14  0.631538E-15  0.421719E-15  0.291747E-15  0.247984E-15  0.213095E-15  0.119048E-15  0.580457E-16  0.168648E-15  0.719389E-15  0.198552E-14  0.222161E-14  0.711627E-15  0.659028E-15  0.510407E-15  0.231331E-14  0.572706E-15  0.514264E-14  0.622376E-16  0.302517E-15  0.128184E-13  0.864937E-14  0.160257E-37  0.391519E-16  0.169205E-12  0.129178E-17  0.104592E-16  0.138823E-14  0.431652E-17  0.624869E-15  0.350696E-15  0.191891E-15  0.935440E-15  0.251972E-15  0.451311E-15  0.177497E-14  0.157640E-13  0.277752E-15  0.837845E-14
          95   901.542       15.2645      0.746906E-13  0.826938E-15  0.717408E-15  0.178612E-12  0.890575E-15  0.815007E-15  0.103906E-14  0.617657E-15  0.412404E-15  0.285336E-15  0.242582E-15  0.208492E-15  0.116512E-15  0.568256E-16  0.169763E-15  0.724358E-15  0.199421E-14  0.223403E-14  0.716975E-15  0.663313E-15  0.513674E-15  0.234592E-14  0.574703E-15  0.517972E-14  0.628160E-16  0.307068E-15  0.132525E-13  0.904099E-14  0.156282E-37  0.389507E-16  0.170717E-12  0.126002E-17  0.102004E-16  0.137499E-14  0.421013E-17  0.618931E-15  0.346992E-15  0.189724E-15  0.933251E-15  0.251743E-15  0.445664E-15  0.177074E-14  0.159668E-13  0.288252E-15  0.874645E-14
          96   920.825       15.5211      0.745061E-13  0.858468E-15  0.759814E-15  0.178837E-12  0.871276E-15  0.818879E-15  0.101640E-14  0.604147E-15  0.403339E-15  0.279097E-15  0.237319E-15  0.204005E-15  0.114040E-15  0.556351E-16  0.170819E-15  0.729068E-15  0.200227E-14  0.224554E-14  0.722061E-15  0.667373E-15  0.516791E-15  0.237786E-14  0.576494E-15  0.521456E-14  0.633689E-16  0.311499E-15  0.136907E-13  0.944139E-14  0.152450E-37  0.387534E-16  0.172223E-12  0.122940E-17  0.995086E-17  0.136163E-14  0.410753E-17  0.612945E-15  0.343262E-15  0.187548E-15  0.930979E-15  0.251462E-15  0.440025E-15  0.176621E-14  0.161670E-13  0.298964E-15  0.912327E-14
          97   940.313       15.7802      0.743186E-13  0.890339E-15  0.803614E-15  0.179049E-12  0.852489E-15  0.822507E-15  0.994356E-15  0.591000E-15  0.394520E-15  0.273025E-15  0.232195E-15  0.199635E-15  0.111630E-15  0.544739E-16  0.171818E-15  0.733526E-15  0.200970E-14  0.225617E-14  0.726890E-15  0.671215E-15  0.519761E-15  0.240913E-14  0.578086E-15  0.524719E-14  0.638965E-16  0.315812E-15  0.141328E-13  0.985046E-14  0.148745E-37  0.385602E-16  0.173722E-12  0.119977E-17  0.970954E-17  0.134820E-14  0.400829E-17  0.606921E-15  0.339514E-15  0.185368E-15  0.928633E-15  0.251131E-15  0.434401E-15  0.176139E-14  0.163647E-13  0.309888E-15  0.950887E-14
          98   960.004       16.0421      0.741284E-13  0.922535E-15  0.848808E-15  0.179248E-12  0.834198E-15  0.825894E-15  0.972899E-15  0.578207E-15  0.385941E-15  0.267115E-15  0.227206E-15  0.195378E-15  0.109281E-15  0.533414E-16  0.172761E-15  0.737734E-15  0.201653E-14  0.226592E-14  0.731465E-15  0.674843E-15  0.522590E-15  0.243974E-14  0.579486E-15  0.527766E-14  0.643991E-16  0.320005E-15  0.145787E-13  0.102681E-13  0.145161E-37  0.383714E-16  0.175214E-12  0.117110E-17  0.947609E-17  0.133470E-14  0.391226E-17  0.600866E-15  0.335752E-15  0.183184E-15  0.926217E-15  0.250751E-15  0.428797E-15  0.175630E-14  0.165599E-13  0.321023E-15  0.990322E-14
          99   979.900       16.3066      0.739356E-13  0.955039E-15  0.895391E-15  0.179433E-12  0.816388E-15  0.829041E-15  0.952013E-15  0.565755E-15  0.377592E-15  0.261364E-15  0.222349E-15  0.191231E-15  0.106992E-15  0.522367E-16  0.173648E-15  0.741698E-15  0.202277E-14  0.227482E-14  0.735792E-15  0.678263E-15  0.525282E-15  0.246967E-14  0.580698E-15  0.530601E-14  0.648769E-16  0.324081E-15  0.150281E-13  0.106943E-13  0.141693E-37  0.381868E-16  0.176698E-12  0.114334E-17  0.925018E-17  0.132114E-14  0.381932E-17  0.594787E-15  0.331980E-15  0.181001E-15  0.923737E-15  0.250324E-15  0.423216E-15  0.175095E-14  0.167526E-13  0.332366E-15  0.103063E-13
         100   1000.00       16.5738      0.737404E-13  0.987835E-15  0.943362E-15  0.179605E-12  0.799045E-15  0.831953E-15  0.931680E-15  0.553635E-15  0.369467E-15  0.255765E-15  0.217618E-15  0.187191E-15  0.104760E-15  0.511592E-16  0.174480E-15  0.745422E-15  0.202842E-14  0.228290E-14  0.739874E-15  0.681479E-15  0.527842E-15  0.249895E-14  0.581730E-15  0.533230E-14  0.653301E-16  0.328040E-15  0.154808E-13  0.111289E-13  0.138336E-37  0.380067E-16  0.178177E-12  0.111646E-17  0.903148E-17  0.130754E-14  0.372933E-17  0.588688E-15  0.328202E-15  0.178818E-15  0.921197E-15  0.249850E-15  0.417663E-15  0.174536E-14  0.169428E-13  0.343917E-15  0.107181E-13


Inverse rate coefficients (m3/s)
 C1    He    Effective (momentum)                                
 C2    He    Excitation    19.80 eV                              
 C3    He    Ionization    24.58 eV                              
 C4    N2    Elastic                                             
 C5    N2    Excitation    0.020 eV                              
 C6    N2    Excitation    0.29 eV                               
 C7    N2    Excitation    0.29 eV                               
 C8    N2    Excitation    0.59 eV                               
 C9    N2    Excitation    0.88 eV                               
 C10   N2    Excitation    1.17 eV                               
 C11   N2    Excitation    1.47 eV                               
 C12   N2    Excitation    1.76 eV                               
 C13   N2    Excitation    2.06 eV                               
 C14   N2    Excitation    2.35 eV                               
 C15   N2    Excitation    6.17 eV                               
 C16   N2    Excitation    7.00 eV                               
 C17   N2    Excitation    7.35 eV                               
 C18   N2    Excitation    7.36 eV                               
 C19   N2    Excitation    7.80 eV                               
 C20   N2    Excitation    8.16 eV                               
 C21   N2    Excitation    8.40 eV                               
 C22   N2    Excitation    8.55 eV                               
 C23   N2    Excitation    8.89 eV                               
 C24   N2    Excitation    11.03 eV                              
 C25   N2    Excitation    11.87 eV                              
 C26   N2    Excitation    12.25 eV                              
 C27   N2    Excitation    13.00 eV                              
 C28   N2    Ionization    15.60 eV                              
 C29   O2    Attachment                                          
 C30   O2    Attachment                                          
 C31   O2    Effective (momentum)                                
 C32   O2    Excitation    0.020 eV                              
 C33   O2    Excitation    0.19 eV                               
 C34   O2    Excitation    0.19 eV                               
 C35   O2    Excitation    0.38 eV                               
 C36   O2    Excitation    0.38 eV                               
 C37   O2    Excitation    0.57 eV                               
 C38   O2    Excitation    0.75 eV                               
 C39   O2    Excitation    0.98 eV                               
 C40   O2    Excitation    1.63 eV                               
 C41   O2    Excitation    4.50 eV                               
 C42   O2    Excitation    6.00 eV                               
 C43   O2    Excitation    8.40 eV                               
 C44   O2    Excitation    9.97 eV                               
 C45   O2    Ionization    12.06 eV                              
            R#      E/N (Td)   Energy (eV)      C1            C2            C3            C4            C5            C6            C7            C8            C9           C10           C11           C12           C13           C14           C15           C16           C17           C18           C19           C20           C21           C22           C23           C24           C25           C26           C27           C28           C29           C30           C31           C32           C33           C34           C35           C36           C37           C38           C39           C40           C41           C42           C43           C44           C45      
           1  0.100000E-01  0.397310E-01  0.403802E-14  0.439465E-16  0.160339E-16   0.00000       0.00000       0.00000       0.00000      0.220369E-24  0.310366E-22  0.525147E-19  0.232543E-17  0.818408E-17  0.513255E-16  0.450044E-15  0.227583E-16  0.428608E-16  0.114199E-15  0.103036E-15  0.265031E-15  0.117299E-15  0.104249E-14  0.108523E-13  0.966951E-16  0.115414E-14  0.102736E-17  0.191936E-16   0.00000      0.126544E-17   0.00000      0.631625E-18  0.411260E-17  0.124648E-16  0.127807E-16  0.496988E-16  0.991082E-15  0.922711E-14  0.456845E-17
           2  0.112029      0.897143E-01  0.614874E-14  0.536688E-16  0.169491E-16   0.00000       0.00000       0.00000       0.00000      0.572233E-22  0.267459E-20  0.323152E-17  0.847484E-16  0.126302E-16  0.791193E-16  0.693506E-15  0.350695E-16  0.660234E-16  0.175841E-15  0.158621E-15  0.407958E-15  0.204237E-15  0.160227E-14  0.106235E-13  0.148539E-15  0.177245E-14  0.223500E-17  0.146105E-15   0.00000      0.274637E-16   0.00000      0.510478E-17  0.614895E-17  0.201409E-16  0.202213E-16  0.770157E-16  0.152990E-14  0.142049E-13  0.135088E-16
           3  0.418118      0.165506      0.795505E-14  0.662167E-16  0.180822E-16  0.486234E-26  0.248704E-24  0.301593E-22  0.693263E-21  0.255538E-18  0.391150E-17  0.220087E-15  0.108912E-14  0.176543E-16  0.110205E-15  0.967372E-15  0.489218E-16  0.924926E-16  0.245016E-15  0.220960E-15  0.568176E-15  0.345588E-15  0.222709E-14  0.823366E-14  0.206293E-15  0.246066E-14  0.564695E-17  0.445326E-15   0.00000      0.123301E-15   0.00000      0.212709E-16  0.705743E-17  0.299085E-16  0.292316E-16  0.112525E-15  0.213925E-14  0.197875E-13  0.238954E-16
           4  0.928265      0.226785      0.831937E-14  0.748214E-16  0.195733E-16  0.698311E-20  0.798391E-19  0.115625E-17  0.463177E-17  0.570142E-16  0.255771E-15  0.131835E-14  0.264079E-14  0.208909E-16  0.129379E-15  0.114255E-14  0.590422E-16  0.111128E-15  0.289105E-15  0.260687E-15  0.669734E-15  0.449743E-15  0.262830E-14  0.682098E-14  0.242713E-15  0.289423E-14  0.102098E-16  0.649442E-15   0.00000      0.210295E-15   0.00000      0.432222E-16  0.104586E-16  0.373587E-16  0.355893E-16  0.152381E-15  0.253181E-14  0.233417E-13  0.301202E-16
           5   1.64247      0.313057      0.822880E-14  0.870851E-16  0.284587E-16  0.324139E-17  0.215188E-16  0.116107E-15  0.246158E-15  0.793601E-15  0.181702E-14  0.327889E-14  0.378614E-14  0.249892E-16  0.153328E-15  0.135475E-14  0.950949E-16  0.138969E-15  0.342078E-15  0.308789E-15  0.789648E-15  0.574525E-15  0.315004E-14  0.547990E-14  0.285709E-15  0.341109E-14  0.169031E-16  0.756195E-15   0.00000      0.267711E-15   0.00000      0.636618E-16  0.164556E-16  0.494714E-16  0.440933E-16  0.230539E-15  0.300638E-14  0.275344E-13  0.372691E-16
           6   2.56073      0.451070      0.776445E-14  0.114678E-15  0.664799E-16  0.736063E-16  0.316681E-15  0.989429E-15  0.152468E-14  0.278915E-14  0.447577E-14  0.480444E-14  0.398275E-14  0.316674E-16  0.194725E-15  0.165707E-14  0.219329E-15  0.192200E-15  0.416523E-15  0.377413E-15  0.954821E-15  0.744761E-15  0.401420E-14  0.408743E-14  0.344256E-15  0.414741E-14  0.254541E-16  0.722784E-15   0.00000      0.270649E-15   0.00000      0.717132E-16  0.205935E-16  0.731631E-16  0.574490E-16  0.383072E-15  0.366212E-14  0.328776E-13  0.469468E-16
           7   3.68306      0.609676      0.717796E-14  0.161906E-15  0.122000E-15  0.388896E-15  0.119567E-14  0.269996E-14  0.347449E-14  0.482888E-14  0.635886E-14  0.520043E-14  0.353382E-14  0.398425E-16  0.247958E-15  0.198343E-14  0.411646E-15  0.261612E-15  0.496085E-15  0.451491E-15  0.112940E-14  0.921339E-15  0.510483E-14  0.293818E-14  0.405140E-15  0.495911E-14  0.322263E-16  0.610768E-15   0.00000      0.237141E-15   0.00000      0.674358E-16  0.208529E-16  0.103912E-15  0.727998E-16  0.576556E-15  0.433791E-14  0.377345E-13  0.570661E-16
           8   5.00944      0.740433      0.670927E-14  0.222177E-15  0.163484E-15  0.979204E-15  0.236618E-14  0.436630E-14  0.504385E-14  0.604443E-14  0.706791E-14  0.498862E-14  0.300892E-14  0.469399E-16  0.295443E-15  0.224277E-14  0.591772E-15  0.323443E-15  0.558919E-15  0.510306E-15  0.126648E-14  0.105722E-14  0.610388E-14  0.219981E-14  0.452278E-15  0.562116E-14  0.355586E-16  0.506207E-15   0.00000      0.201102E-15   0.00000      0.597107E-16  0.193059E-16  0.131240E-15  0.855263E-16  0.745003E-15  0.485046E-14  0.409116E-13  0.649522E-16
           9   6.53988      0.833792      0.639389E-14  0.291513E-15  0.185820E-15  0.168719E-14  0.344364E-14  0.557099E-14  0.601123E-14  0.660971E-14  0.716624E-14  0.465648E-14  0.261396E-14  0.521935E-16  0.331135E-15  0.242338E-14  0.728551E-15  0.369899E-15  0.602500E-15  0.551220E-15  0.136124E-14  0.114939E-14  0.689307E-14  0.176801E-14  0.484498E-15  0.609315E-14  0.366129E-16  0.432928E-15   0.00000      0.174464E-15   0.00000      0.531611E-16  0.176429E-16  0.151795E-15  0.946742E-16  0.868935E-15  0.519262E-14  0.427225E-13  0.703719E-16
          10   8.27438      0.898561      0.618950E-14  0.368651E-15  0.195882E-15  0.237558E-14  0.430176E-14  0.635806E-14  0.655531E-14  0.683762E-14  0.705322E-14  0.436720E-14  0.234641E-14  0.559283E-16  0.356743E-15  0.254639E-14  0.826365E-15  0.403293E-15  0.632103E-15  0.579058E-15  0.142546E-14  0.121084E-14  0.749283E-14  0.151409E-14  0.506142E-15  0.642082E-14  0.366234E-16  0.384979E-15   0.00000      0.156527E-15   0.00000      0.484502E-16  0.163310E-16  0.166616E-15  0.101060E-15  0.956163E-15  0.541702E-14  0.437340E-13  0.740279E-16
          11   10.2129      0.944297      0.605544E-14  0.453086E-15  0.199545E-15  0.298647E-14  0.495511E-14  0.686138E-14  0.685139E-14  0.690906E-14  0.689182E-14  0.414466E-14  0.216686E-14  0.586101E-16  0.375243E-15  0.263199E-14  0.896370E-15  0.427498E-15  0.652666E-15  0.598411E-15  0.147000E-14  0.125284E-14  0.795239E-14  0.135859E-14  0.521043E-15  0.665234E-14  0.362373E-16  0.353461E-15   0.00000      0.144521E-15   0.00000      0.451711E-16  0.153709E-16  0.177405E-15  0.105593E-15  0.101802E-14  0.556772E-14  0.443115E-13  0.765532E-16
          12   12.3556      0.977714      0.596514E-14  0.544864E-15  0.200072E-15  0.351142E-14  0.545026E-14  0.718477E-14  0.700675E-14  0.690903E-14  0.673558E-14  0.397785E-14  0.204385E-14  0.605928E-16  0.388978E-15  0.269376E-14  0.947679E-15  0.445547E-15  0.667489E-15  0.612364E-15  0.150205E-14  0.128267E-14  0.831442E-14  0.125876E-14  0.531700E-15  0.682145E-14  0.357306E-16  0.332167E-15  0.355603E-27  0.136305E-15  0.162619E-26  0.428673E-16  0.146746E-16  0.185495E-15  0.108915E-15  0.106309E-14  0.567258E-14  0.446507E-13  0.783643E-16
          13   14.7022       1.00315      0.590244E-14  0.644541E-15  0.199079E-15  0.396193E-14  0.583006E-14  0.739429E-14  0.708052E-14  0.687562E-14  0.659789E-14  0.385179E-14  0.195692E-14  0.621151E-16  0.399557E-15  0.274024E-14  0.986578E-15  0.459520E-15  0.678639E-15  0.622858E-15  0.152613E-14  0.130479E-14  0.861061E-14  0.119172E-14  0.539658E-15  0.694995E-14  0.352086E-16  0.317281E-15  0.446350E-23  0.130504E-15  0.256198E-23  0.412085E-16  0.141618E-16  0.191799E-15  0.111448E-15  0.109710E-14  0.574836E-14  0.448537E-13  0.797199E-16
          14   17.2530       1.02342      0.585752E-14  0.753034E-15  0.197336E-15  0.435429E-14  0.612694E-14  0.753011E-14  0.710500E-14  0.682599E-14  0.647898E-14  0.375429E-14  0.189330E-14  0.633357E-16  0.408056E-15  0.277687E-14  0.101726E-14  0.470812E-15  0.687424E-15  0.631119E-15  0.154506E-14  0.132198E-14  0.886376E-14  0.114472E-14  0.545882E-15  0.705188E-14  0.347054E-16  0.306484E-15  0.110602E-21  0.126261E-15  0.615842E-22  0.399758E-16  0.137740E-16  0.196935E-15  0.113464E-15  0.112383E-14  0.580532E-14  0.449752E-13  0.807825E-16
          15   20.0078       1.04038      0.582417E-14  0.871419E-15  0.195206E-15  0.470406E-14  0.636450E-14  0.761702E-14  0.709815E-14  0.676763E-14  0.637490E-14  0.367621E-14  0.184485E-14  0.643619E-16  0.415211E-15  0.280719E-14  0.104257E-14  0.480379E-15  0.694701E-15  0.637954E-15  0.156071E-14  0.133601E-14  0.909053E-14  0.111034E-14  0.550999E-15  0.713658E-14  0.342264E-16  0.298327E-15  0.144908E-20  0.123032E-15  0.784522E-21  0.390243E-16  0.134702E-16  0.201326E-15  0.115143E-15  0.114577E-14  0.584991E-14  0.450457E-13  0.816579E-16
          16   22.9666       1.05536      0.579838E-14  0.100085E-14  0.192858E-15  0.502403E-14  0.655992E-14  0.767048E-14  0.707017E-14  0.670358E-14  0.628110E-14  0.361096E-14  0.180622E-14  0.652712E-16  0.421547E-15  0.283367E-14  0.106454E-14  0.488907E-15  0.701066E-15  0.643922E-15  0.157437E-14  0.134808E-14  0.930374E-14  0.108403E-14  0.555440E-15  0.721060E-14  0.337655E-16  0.291877E-15  0.115728E-19  0.120459E-15  0.613117E-20  0.382576E-16  0.132224E-16  0.205285E-15  0.116614E-15  0.116469E-14  0.588637E-14  0.450830E-13  0.824193E-16
          17   26.1295       1.06938      0.577751E-14  0.114207E-14  0.190381E-15  0.532292E-14  0.672446E-14  0.769971E-14  0.702684E-14  0.663497E-14  0.619371E-14  0.355389E-14  0.177391E-14  0.661233E-16  0.427460E-15  0.285805E-14  0.108463E-14  0.496909E-15  0.706966E-15  0.649439E-15  0.158700E-14  0.135904E-14  0.951349E-14  0.106290E-14  0.559517E-15  0.727885E-14  0.333148E-16  0.286524E-15  0.633192E-19  0.118307E-15  0.329793E-19  0.376182E-16  0.130160E-16  0.209059E-15  0.117969E-15  0.118175E-14  0.591748E-14  0.450972E-13  0.831210E-16
          18   29.4965       1.08350      0.575966E-14  0.129580E-14  0.187836E-15  0.560716E-14  0.686605E-14  0.771034E-14  0.697122E-14  0.656144E-14  0.610882E-14  0.350125E-14  0.174528E-14  0.669807E-16  0.433333E-15  0.288191E-14  0.110426E-14  0.504876E-15  0.712841E-15  0.654906E-15  0.159956E-14  0.136961E-14  0.972960E-14  0.104494E-14  0.563524E-15  0.734624E-14  0.328626E-16  0.281817E-15  0.259378E-18  0.116401E-15  0.133266E-18  0.370805E-16  0.128510E-16  0.212915E-15  0.119295E-15  0.119792E-14  0.594515E-14  0.450940E-13  0.838165E-16
          19   33.0675       1.09907      0.574352E-14  0.146231E-14  0.185307E-15  0.587964E-14  0.698845E-14  0.770466E-14  0.690428E-14  0.648172E-14  0.602289E-14  0.345000E-14  0.171834E-14  0.679223E-16  0.439600E-15  0.290679E-14  0.112500E-14  0.513351E-15  0.719211E-15  0.660782E-15  0.161321E-14  0.138044E-14  0.996233E-14  0.102871E-14  0.567789E-15  0.741883E-14  0.323965E-16  0.277415E-15  0.845080E-18  0.114607E-15  0.429405E-18  0.366671E-16  0.127541E-16  0.217196E-15  0.120679E-15  0.121392E-14  0.597054E-14  0.450755E-13  0.845697E-16
          20   36.8426       1.11805      0.572808E-14  0.164144E-14  0.182918E-15  0.614086E-14  0.709275E-14  0.768235E-14  0.682503E-14  0.639333E-14  0.593193E-14  0.339713E-14  0.169125E-14  0.690608E-16  0.446842E-15  0.293457E-14  0.114894E-14  0.523038E-15  0.726787E-15  0.667680E-15  0.162955E-14  0.139227E-14  0.102238E-13  0.101299E-14  0.572739E-15  0.750521E-14  0.318993E-16  0.273013E-15  0.229901E-17  0.112803E-15  0.115754E-17  0.364638E-16  0.127909E-16  0.222394E-15  0.122235E-15  0.123044E-14  0.599435E-14  0.450407E-13  0.854698E-16
          21   40.8218       1.14309      0.571263E-14  0.183203E-14  0.180858E-15  0.638852E-14  0.717695E-14  0.764077E-14  0.673093E-14  0.629290E-14  0.583167E-14  0.333976E-14  0.166235E-14  0.705471E-16  0.455800E-15  0.296737E-14  0.117880E-14  0.534821E-15  0.736486E-15  0.676371E-15  0.165072E-14  0.140591E-14  0.105273E-13  0.996742E-15  0.578913E-15  0.761706E-14  0.313512E-16  0.268334E-15  0.539928E-17  0.110878E-15  0.269778E-17  0.366390E-16  0.130777E-16  0.229156E-15  0.124099E-15  0.124807E-14  0.601672E-14  0.449859E-13  0.866369E-16
          22   45.0050       1.17758      0.569669E-14  0.203204E-14  0.179380E-15  0.661798E-14  0.723694E-14  0.757564E-14  0.661831E-14  0.617630E-14  0.571751E-14  0.327489E-14  0.162999E-14  0.725702E-16  0.467370E-15  0.300757E-14  0.121788E-14  0.549744E-15  0.749415E-15  0.687770E-15  0.167938E-14  0.142220E-14  0.108867E-13  0.978986E-15  0.586959E-15  0.776919E-14  0.307295E-16  0.263105E-15  0.112495E-16  0.108722E-15  0.558459E-17  0.374501E-16  0.137870E-16  0.238282E-15  0.126429E-15  0.126730E-14  0.603733E-14  0.449052E-13  0.882221E-16
          23   49.3922       1.22536      0.568002E-14  0.223823E-14  0.178784E-15  0.682291E-14  0.726724E-14  0.748190E-14  0.648305E-14  0.603929E-14  0.558505E-14  0.319974E-14  0.159267E-14  0.753397E-16  0.482518E-15  0.305752E-14  0.126984E-14  0.568913E-15  0.766750E-15  0.702829E-15  0.171846E-14  0.144190E-14  0.113141E-13  0.958882E-15  0.597563E-15  0.797837E-14  0.300117E-16  0.257083E-15  0.212187E-16  0.106235E-15  0.104754E-16  0.392337E-16  0.151388E-16  0.250631E-15  0.129392E-15  0.128846E-14  0.605542E-14  0.447916E-13  0.903970E-16
          24   53.9835       1.29026      0.566266E-14  0.244579E-14  0.179389E-15  0.699560E-14  0.726210E-14  0.735485E-14  0.632171E-14  0.587845E-14  0.543080E-14  0.311215E-14  0.154924E-14  0.790558E-16  0.502133E-15  0.311909E-14  0.133812E-14  0.593312E-15  0.789551E-15  0.722376E-15  0.177077E-14  0.146556E-14  0.118174E-13  0.935791E-15  0.611347E-15  0.826123E-14  0.291799E-16  0.250076E-15  0.367965E-16  0.103339E-15  0.180791E-16  0.423721E-16  0.173781E-16  0.266994E-15  0.133132E-15  0.131164E-14  0.606991E-14  0.446383E-13  0.933309E-16
          25   58.7789       1.37556      0.564483E-14  0.264888E-14  0.181482E-15  0.712890E-14  0.721704E-14  0.719142E-14  0.613224E-14  0.569168E-14  0.525259E-14  0.301075E-14  0.149893E-14  0.838815E-16  0.526903E-15  0.319338E-14  0.142552E-14  0.623667E-15  0.818590E-15  0.746983E-15  0.183860E-14  0.149342E-14  0.123982E-13  0.909312E-15  0.628772E-15  0.863204E-14  0.282229E-16  0.241961E-15  0.593969E-16  0.999844E-16  0.290615E-16  0.472433E-16  0.207430E-16  0.287971E-15  0.137751E-15  0.133662E-14  0.607953E-14  0.444400E-13  0.971702E-16
          26   63.7784       1.48351      0.562706E-14  0.284228E-14  0.185281E-15  0.721682E-14  0.712822E-14  0.699001E-14  0.591403E-14  0.547878E-14  0.505046E-14  0.289550E-14  0.144172E-14  0.899128E-16  0.557186E-15  0.328047E-14  0.153364E-14  0.660300E-15  0.854198E-15  0.776842E-15  0.192328E-14  0.152528E-14  0.130514E-13  0.879428E-15  0.650047E-15  0.910036E-14  0.271399E-16  0.232732E-15  0.901385E-16  0.961690E-16  0.439405E-16  0.541670E-16  0.254278E-16  0.313860E-15  0.143290E-15  0.136290E-14  0.608290E-14  0.441940E-13  0.102015E-15
          27   68.9819       1.61488      0.560993E-14  0.301981E-14  0.190897E-15  0.725571E-14  0.699588E-14  0.675260E-14  0.566936E-14  0.524187E-14  0.482628E-14  0.276742E-14  0.137809E-14  0.971586E-16  0.592915E-15  0.337924E-14  0.166257E-14  0.703029E-15  0.896156E-15  0.811690E-15  0.202495E-14  0.156057E-14  0.137641E-13  0.846397E-15  0.675069E-15  0.966935E-14  0.259410E-16  0.222464E-15  0.129651E-15  0.919249E-16  0.629955E-16  0.633460E-16  0.315485E-16  0.344568E-15  0.149714E-15  0.138972E-14  0.607894E-14  0.439011E-13  0.107900E-15
          28   74.3894       1.76887      0.559406E-14  0.317647E-14  0.198319E-15  0.724476E-14  0.682268E-14  0.648359E-14  0.540253E-14  0.498507E-14  0.458395E-14  0.262876E-14  0.130913E-14  0.105537E-15  0.633607E-15  0.348754E-14  0.181078E-14  0.751190E-15  0.943724E-15  0.850837E-15  0.214245E-14  0.159831E-14  0.145177E-13  0.810791E-15  0.703433E-15  0.103352E-13  0.246466E-16  0.211336E-15  0.177970E-15  0.873252E-16  0.862196E-16  0.748363E-16  0.391237E-16  0.379627E-15  0.156915E-15  0.141616E-14  0.606689E-14  0.435656E-13  0.114792E-15
          29   80.0010       1.94352      0.558006E-14  0.330879E-14  0.207435E-15  0.718590E-14  0.661331E-14  0.618902E-14  0.511897E-14  0.471361E-14  0.432845E-14  0.248236E-14  0.123626E-14  0.114901E-15  0.678486E-15  0.360264E-14  0.197564E-14  0.803796E-15  0.995805E-15  0.893319E-15  0.227373E-14  0.163741E-14  0.152914E-13  0.773355E-15  0.734527E-15  0.110889E-13  0.232825E-16  0.199576E-15  0.234606E-15  0.824650E-16  0.113357E-15  0.885561E-16  0.480833E-16  0.418309E-15  0.164741E-15  0.144132E-14  0.604639E-14  0.431942E-13  0.122604E-15
          30   85.8167       2.13506      0.556842E-14  0.341439E-14  0.217997E-15  0.708405E-14  0.637574E-14  0.587766E-14  0.482631E-14  0.443460E-14  0.406637E-14  0.233203E-14  0.116139E-14  0.125010E-15  0.726360E-15  0.372093E-14  0.215286E-14  0.859396E-15  0.105082E-14  0.937794E-15  0.241540E-14  0.167650E-14  0.160603E-13  0.735059E-15  0.767451E-15  0.119137E-13  0.218840E-16  0.187490E-15  0.298344E-15  0.774706E-16  0.143806E-15  0.104232E-15  0.582352E-16  0.459517E-15  0.172973E-15  0.146426E-14  0.601764E-14  0.427971E-13  0.131172E-15
          31   91.8365       2.33984      0.555946E-14  0.349304E-14  0.229737E-15  0.694551E-14  0.611745E-14  0.555719E-14  0.453092E-14  0.415407E-14  0.380337E-14  0.218105E-14  0.108615E-14  0.135631E-15  0.776111E-15  0.383928E-14  0.233832E-14  0.916662E-15  0.110731E-14  0.983052E-15  0.256423E-14  0.171445E-14  0.168045E-13  0.696747E-15  0.801373E-15  0.127932E-13  0.204808E-16  0.175344E-15  0.367825E-15  0.724520E-16  0.176905E-15  0.121540E-15  0.693581E-16  0.502234E-15  0.181414E-15  0.148429E-14  0.598113E-14  0.423836E-13  0.140336E-15
          32   98.0602       2.55374      0.555333E-14  0.354565E-14  0.242347E-15  0.677762E-14  0.584662E-14  0.523547E-14  0.423922E-14  0.387795E-14  0.354495E-14  0.203260E-14  0.101214E-14  0.146516E-15  0.826570E-15  0.395472E-14  0.252764E-14  0.974231E-15  0.116379E-14  0.102789E-14  0.271674E-14  0.175025E-14  0.175065E-13  0.659223E-15  0.835436E-15  0.137090E-13  0.191019E-16  0.163395E-15  0.441421E-15  0.675151E-16  0.211866E-15  0.140074E-15  0.811823E-16  0.545403E-15  0.189864E-15  0.150090E-14  0.593770E-14  0.419637E-13  0.149914E-15
          33   104.488       2.77317      0.555006E-14  0.357440E-14  0.255545E-15  0.658791E-14  0.557015E-14  0.491874E-14  0.395602E-14  0.361071E-14  0.329531E-14  0.188913E-14  0.940586E-15  0.157452E-15  0.876759E-15  0.406492E-14  0.271706E-14  0.103099E-14  0.121907E-14  0.107134E-14  0.286997E-14  0.178316E-14  0.181538E-13  0.623105E-15  0.868937E-15  0.146451E-13  0.177695E-16  0.151842E-15  0.517589E-15  0.627420E-16  0.247951E-15  0.159436E-15  0.934483E-16  0.588155E-15  0.198163E-15  0.151382E-14  0.588831E-14  0.415455E-13  0.159750E-15
          34   111.120       2.99479      0.554950E-14  0.358188E-14  0.269064E-15  0.638334E-14  0.529449E-14  0.461242E-14  0.368542E-14  0.335610E-14  0.305783E-14  0.175260E-14  0.872478E-15  0.168245E-15  0.925809E-15  0.416805E-14  0.290317E-14  0.108596E-14  0.127210E-14  0.111259E-14  0.302121E-14  0.181263E-14  0.187378E-13  0.588880E-15  0.901263E-15  0.155866E-13  0.165016E-16  0.140845E-15  0.594812E-15  0.581987E-16  0.284436E-15  0.179226E-15  0.105899E-15  0.629722E-15  0.206174E-15  0.152296E-14  0.583404E-14  0.411362E-13  0.169698E-15
          35   117.956       3.21598      0.555146E-14  0.357109E-14  0.282686E-15  0.617010E-14  0.502455E-14  0.432029E-14  0.343012E-14  0.311651E-14  0.283472E-14  0.162429E-14  0.808462E-15  0.178747E-15  0.973071E-15  0.426293E-14  0.308336E-14  0.113844E-14  0.132214E-14  0.115108E-14  0.316842E-14  0.183838E-14  0.192542E-13  0.556858E-15  0.931966E-15  0.165218E-13  0.153100E-16  0.130508E-15  0.671797E-15  0.539284E-16  0.320710E-15  0.199096E-15  0.118311E-15  0.669542E-15  0.213802E-15  0.152840E-14  0.577590E-14  0.407412E-13  0.179644E-15
          36   124.996       3.43494      0.555566E-14  0.354508E-14  0.296255E-15  0.595332E-14  0.476385E-14  0.404464E-14  0.319147E-14  0.289310E-14  0.262699E-14  0.150481E-14  0.748840E-15  0.188857E-15  0.101812E-14  0.434898E-14  0.325586E-14  0.118799E-14  0.136874E-14  0.118649E-14  0.331021E-14  0.186032E-14  0.197026E-13  0.527175E-15  0.960767E-15  0.174426E-13  0.142000E-16  0.120880E-15  0.747534E-15  0.499512E-16  0.356299E-15  0.218763E-15  0.130511E-15  0.707263E-15  0.220989E-15  0.153033E-14  0.571480E-14  0.403639E-13  0.189510E-15
          37   132.240       3.65000      0.556184E-14  0.350662E-14  0.309627E-15  0.573691E-14  0.451514E-14  0.378718E-14  0.297059E-14  0.268680E-14  0.243547E-14  0.139465E-14  0.693860E-15  0.198485E-15  0.106060E-14  0.442582E-14  0.341909E-14  0.123426E-14  0.141153E-14  0.121858E-14  0.344534E-14  0.187846E-14  0.200837E-13  0.499938E-15  0.987434E-15  0.183415E-13  0.131760E-16  0.112002E-15  0.821082E-15  0.462836E-16  0.390762E-15  0.237961E-15  0.142334E-15  0.742584E-15  0.227692E-15  0.152901E-14  0.565161E-14  0.400072E-13  0.199223E-15
          38   139.688       3.86050      0.556970E-14  0.345834E-14  0.322735E-15  0.552397E-14  0.427977E-14  0.354815E-14  0.276717E-14  0.249725E-14  0.225975E-14  0.129357E-14  0.643415E-15  0.207596E-15  0.110039E-14  0.449366E-14  0.357246E-14  0.127715E-14  0.145047E-14  0.124735E-14  0.357335E-14  0.189297E-14  0.204015E-13  0.475073E-15  0.101191E-14  0.192151E-13  0.122361E-16  0.103855E-15  0.891882E-15  0.429186E-16  0.423842E-15  0.256523E-15  0.153681E-15  0.775433E-15  0.233907E-15  0.152475E-14  0.558700E-14  0.396719E-13  0.208757E-15
          39   147.340       4.06603      0.557896E-14  0.340250E-14  0.335535E-15  0.531667E-14  0.405846E-14  0.332735E-14  0.258066E-14  0.232385E-14  0.209923E-14  0.120124E-14  0.597333E-15  0.216171E-15  0.113745E-14  0.455283E-14  0.371564E-14  0.131667E-14  0.148557E-14  0.127286E-14  0.369399E-14  0.190408E-14  0.206605E-13  0.452476E-15  0.103420E-14  0.200617E-13  0.113770E-16  0.964135E-16  0.959505E-15  0.398446E-16  0.455344E-15  0.274316E-15  0.164474E-15  0.805793E-15  0.239641E-15  0.151788E-14  0.552153E-14  0.393582E-13  0.218095E-15
          40   155.197       4.26634      0.558939E-14  0.334076E-14  0.348002E-15  0.511657E-14  0.385170E-14  0.312442E-14  0.241048E-14  0.216592E-14  0.195323E-14  0.111725E-14  0.555418E-15  0.224199E-15  0.117177E-14  0.460375E-14  0.384845E-14  0.135285E-14  0.151693E-14  0.129520E-14  0.380715E-14  0.191202E-14  0.208650E-13  0.432031E-15  0.105433E-14  0.208798E-13  0.105951E-16  0.896446E-16  0.102362E-14  0.370485E-16  0.485120E-15  0.291233E-15  0.174653E-15  0.833686E-15  0.244906E-15  0.150869E-14  0.545567E-14  0.390662E-13  0.227227E-15
          41   163.257       4.46193      0.560076E-14  0.327523E-14  0.360158E-15  0.492437E-14  0.365845E-14  0.293770E-14  0.225491E-14  0.202190E-14  0.182031E-14  0.104081E-14  0.517269E-15  0.231708E-15  0.120352E-14  0.464717E-14  0.397141E-14  0.138593E-14  0.154479E-14  0.131464E-14  0.391325E-14  0.191714E-14  0.210216E-13  0.413523E-15  0.107242E-14  0.216713E-13  0.988280E-17  0.834839E-16  0.108418E-14  0.345037E-16  0.513160E-15  0.307246E-15  0.184210E-15  0.859282E-15  0.249742E-15  0.149752E-14  0.538969E-14  0.387941E-13  0.236179E-15
          42   171.521       4.65294      0.561288E-14  0.320691E-14  0.372012E-15  0.474064E-14  0.347855E-14  0.276641E-14  0.211311E-14  0.189089E-14  0.169957E-14  0.971380E-15  0.482626E-15  0.238708E-15  0.123278E-14  0.468361E-14  0.408471E-14  0.141602E-14  0.156934E-14  0.133133E-14  0.401244E-14  0.191968E-14  0.211347E-13  0.396807E-15  0.108858E-14  0.224366E-13  0.923534E-17  0.778894E-16  0.114108E-14  0.321927E-16  0.539414E-15  0.322308E-15  0.193120E-15  0.882672E-15  0.254172E-15  0.148464E-14  0.532389E-14  0.385412E-13  0.244957E-15
          43   179.990       4.83977      0.562558E-14  0.313685E-14  0.383592E-15  0.456551E-14  0.331126E-14  0.260934E-14  0.198388E-14  0.177174E-14  0.158992E-14  0.908341E-15  0.451173E-15  0.245222E-15  0.125967E-14  0.471367E-14  0.418878E-14  0.144332E-14  0.159081E-14  0.134550E-14  0.410508E-14  0.191990E-14  0.212092E-13  0.381712E-15  0.110291E-14  0.231772E-13  0.864693E-17  0.728102E-16  0.119431E-14  0.300946E-16  0.563894E-15  0.336407E-15  0.201386E-15  0.903999E-15  0.258228E-15  0.147028E-14  0.525845E-14  0.383064E-13  0.253582E-15
          44   188.662       5.02290      0.563872E-14  0.306585E-14  0.394932E-15  0.439891E-14  0.315577E-14  0.246529E-14  0.186605E-14  0.166332E-14  0.149030E-14  0.851076E-15  0.422606E-15  0.251278E-15  0.128436E-14  0.473796E-14  0.428413E-14  0.146803E-14  0.160943E-14  0.135733E-14  0.419156E-14  0.191805E-14  0.212495E-13  0.368075E-15  0.111553E-14  0.238949E-13  0.811194E-17  0.681969E-16  0.124393E-14  0.281889E-16  0.586632E-15  0.349547E-15  0.209014E-15  0.923409E-15  0.261943E-15  0.145468E-14  0.519352E-14  0.380883E-13  0.262077E-15
          45   197.539       5.20269      0.565217E-14  0.299464E-14  0.406056E-15  0.424083E-14  0.301141E-14  0.233326E-14  0.175864E-14  0.156468E-14  0.139979E-14  0.799063E-15  0.396661E-15  0.256895E-15  0.130695E-14  0.475697E-14  0.437115E-14  0.149030E-14  0.162542E-14  0.136703E-14  0.427221E-14  0.191436E-14  0.212595E-13  0.355753E-15  0.112657E-14  0.245910E-13  0.762557E-17  0.640074E-16  0.128998E-14  0.264583E-16  0.607657E-15  0.361730E-15  0.216015E-15  0.941028E-15  0.265341E-15  0.143804E-14  0.512924E-14  0.378858E-13  0.270460E-15
          46   206.620       5.37991      0.566585E-14  0.292356E-14  0.417021E-15  0.409049E-14  0.287690E-14  0.221176E-14  0.166036E-14  0.147462E-14  0.131727E-14  0.751657E-15  0.373019E-15  0.262115E-15  0.132765E-14  0.477132E-14  0.445056E-14  0.151037E-14  0.163904E-14  0.137483E-14  0.434760E-14  0.190906E-14  0.212433E-13  0.344580E-15  0.113616E-14  0.252685E-13  0.718179E-17  0.601896E-16  0.133268E-14  0.248812E-16  0.627072E-15  0.373004E-15  0.222423E-15  0.957044E-15  0.268462E-15  0.142051E-14  0.506559E-14  0.376971E-13  0.278767E-15
          47   215.904       5.55489      0.567968E-14  0.285306E-14  0.427850E-15  0.394773E-14  0.275163E-14  0.209996E-14  0.157040E-14  0.139234E-14  0.124201E-14  0.708427E-15  0.351464E-15  0.266957E-15  0.134657E-14  0.478144E-14  0.452276E-14  0.152840E-14  0.165048E-14  0.138089E-14  0.441802E-14  0.190232E-14  0.212039E-13  0.334440E-15  0.114442E-14  0.259287E-13  0.677670E-17  0.567090E-16  0.137210E-14  0.234433E-16  0.644922E-15  0.383384E-15  0.228253E-15  0.971565E-15  0.271326E-15  0.140226E-14  0.500265E-14  0.375214E-13  0.287015E-15
          48   225.393       5.72810      0.569357E-14  0.278344E-14  0.438576E-15  0.381213E-14  0.263483E-14  0.199690E-14  0.148791E-14  0.131704E-14  0.117323E-14  0.668934E-15  0.331776E-15  0.271446E-15  0.136384E-14  0.478775E-14  0.458821E-14  0.154453E-14  0.165993E-14  0.138537E-14  0.448383E-14  0.189432E-14  0.211442E-13  0.325215E-15  0.115143E-14  0.265733E-13  0.640622E-17  0.535300E-16  0.140838E-14  0.221300E-16  0.661275E-15  0.392900E-15  0.233532E-15  0.984716E-15  0.273959E-15  0.138341E-14  0.494046E-14  0.373575E-13  0.295228E-15
          49   235.086       5.90012      0.570749E-14  0.271487E-14  0.449235E-15  0.368311E-14  0.252555E-14  0.190155E-14  0.141197E-14  0.124786E-14  0.111013E-14  0.632717E-15  0.313725E-15  0.275611E-15  0.137959E-14  0.479068E-14  0.464747E-14  0.155896E-14  0.166760E-14  0.138844E-14  0.454547E-14  0.188522E-14  0.210670E-13  0.316787E-15  0.115733E-14  0.272044E-13  0.606608E-17  0.506153E-16  0.144170E-14  0.209259E-16  0.676224E-15  0.401598E-15  0.238290E-15  0.996633E-15  0.276386E-15  0.136408E-14  0.487897E-14  0.372041E-13  0.303432E-15
          50   244.983       6.07104      0.572138E-14  0.264756E-14  0.459832E-15  0.356056E-14  0.242352E-14  0.181349E-14  0.134219E-14  0.118440E-14  0.105234E-14  0.599558E-15  0.297202E-15  0.279462E-15  0.139388E-14  0.479049E-14  0.470073E-14  0.157175E-14  0.167360E-14  0.139020E-14  0.460306E-14  0.187512E-14  0.209741E-13  0.309095E-15  0.116216E-14  0.278224E-13  0.575433E-17  0.479475E-16  0.147211E-14  0.198237E-16  0.689795E-15  0.409490E-15  0.242541E-15  0.100738E-14  0.278618E-15  0.134437E-14  0.481830E-14  0.370609E-13  0.311634E-15
          51   255.083       6.24137      0.573520E-14  0.258160E-14  0.470396E-15  0.344389E-14  0.232793E-14  0.173184E-14  0.127779E-14  0.112596E-14  0.999197E-15  0.569073E-15  0.282016E-15  0.283025E-15  0.140685E-14  0.478753E-14  0.474851E-14  0.158306E-14  0.167810E-14  0.139080E-14  0.465699E-14  0.186416E-14  0.208676E-13  0.302040E-15  0.116602E-14  0.284291E-13  0.546740E-17  0.454955E-16  0.149979E-14  0.188107E-16  0.702082E-15  0.416622E-15  0.246318E-15  0.101706E-14  0.280676E-15  0.132436E-14  0.475840E-14  0.369266E-13  0.319859E-15
          52   265.388       6.41145      0.574892E-14  0.251706E-14  0.480944E-15  0.333273E-14  0.223821E-14  0.165597E-14  0.121823E-14  0.107201E-14  0.950211E-15  0.540984E-15  0.268026E-15  0.286319E-15  0.141859E-14  0.478208E-14  0.479115E-14  0.159300E-14  0.168125E-14  0.139036E-14  0.470752E-14  0.185245E-14  0.207494E-13  0.295549E-15  0.116899E-14  0.290258E-13  0.520271E-17  0.432368E-16  0.152489E-14  0.178775E-16  0.713150E-15  0.423030E-15  0.249646E-15  0.102578E-14  0.282578E-15  0.130413E-14  0.469927E-14  0.368005E-13  0.328124E-15
          53   275.897       6.58157      0.576252E-14  0.245398E-14  0.491487E-15  0.322672E-14  0.215385E-14  0.158533E-14  0.116303E-14  0.102209E-14  0.904955E-15  0.515044E-15  0.255109E-15  0.289360E-15  0.142917E-14  0.477439E-14  0.482898E-14  0.160168E-14  0.168316E-14  0.138897E-14  0.475488E-14  0.184007E-14  0.206209E-13  0.289557E-15  0.117115E-14  0.296134E-13  0.495799E-17  0.411515E-16  0.154753E-14  0.170159E-16  0.723067E-15  0.428748E-15  0.252550E-15  0.103360E-14  0.284334E-15  0.128375E-14  0.464090E-14  0.366820E-13  0.336443E-15
          54   286.611       6.75202      0.577599E-14  0.239233E-14  0.502033E-15  0.312547E-14  0.207439E-14  0.151939E-14  0.111172E-14  0.975775E-15  0.863020E-15  0.491015E-15  0.243148E-15  0.292165E-15  0.143869E-14  0.476470E-14  0.486236E-14  0.160919E-14  0.168396E-14  0.138673E-14  0.479932E-14  0.182712E-14  0.204834E-13  0.284002E-15  0.117256E-14  0.301931E-13  0.473104E-17  0.392205E-16  0.156788E-14  0.162180E-16  0.731907E-15  0.433818E-15  0.255060E-15  0.104061E-14  0.285960E-15  0.126327E-14  0.458328E-14  0.365702E-13  0.344832E-15
          55   297.528       6.92299      0.578929E-14  0.233226E-14  0.512584E-15  0.302875E-14  0.199943E-14  0.145776E-14  0.106398E-14  0.932767E-15  0.824141E-15  0.468747E-15  0.232065E-15  0.294745E-15  0.144720E-14  0.475316E-14  0.489148E-14  0.161561E-14  0.168372E-14  0.138372E-14  0.484098E-14  0.181366E-14  0.203382E-13  0.278845E-15  0.117326E-14  0.307653E-13  0.452046E-17  0.374314E-16  0.158598E-14  0.154787E-16  0.739704E-15  0.438259E-15  0.257188E-15  0.104686E-14  0.287462E-15  0.124274E-14  0.452642E-14  0.364650E-13  0.353301E-15
          56   308.649       7.09472      0.580243E-14  0.227369E-14  0.523141E-15  0.293622E-14  0.192859E-14  0.140002E-14  0.101944E-14  0.892714E-15  0.787985E-15  0.448045E-15  0.221766E-15  0.297114E-15  0.145476E-14  0.473998E-14  0.491665E-14  0.162101E-14  0.168255E-14  0.138002E-14  0.488005E-14  0.179976E-14  0.201863E-13  0.274036E-15  0.117333E-14  0.313309E-13  0.432449E-17  0.357688E-16  0.160199E-14  0.147917E-16  0.746529E-15  0.442108E-15  0.258963E-15  0.105240E-14  0.288851E-15  0.122221E-14  0.447031E-14  0.363655E-13  0.361863E-15
          57   319.974       7.26739      0.581538E-14  0.221662E-14  0.533703E-15  0.284762E-14  0.186154E-14  0.134583E-14  0.977801E-15  0.855336E-15  0.754291E-15  0.428761E-15  0.212174E-15  0.299284E-15  0.146144E-14  0.472531E-14  0.493810E-14  0.162548E-14  0.168054E-14  0.137570E-14  0.491671E-14  0.178548E-14  0.200286E-13  0.269536E-15  0.117280E-14  0.318904E-13  0.414171E-17  0.342205E-16  0.161602E-14  0.141519E-16  0.752436E-15  0.445399E-15  0.260404E-15  0.105729E-14  0.290135E-15  0.120171E-14  0.441495E-14  0.362714E-13  0.370527E-15
          58   331.503       7.44117      0.582815E-14  0.216102E-14  0.544264E-15  0.276270E-14  0.179798E-14  0.129487E-14  0.938800E-15  0.820384E-15  0.722827E-15  0.410761E-15  0.203223E-15  0.301267E-15  0.146729E-14  0.470930E-14  0.495607E-14  0.162906E-14  0.167775E-14  0.137082E-14  0.495109E-14  0.177087E-14  0.198659E-13  0.265311E-15  0.117172E-14  0.324445E-13  0.397091E-17  0.327757E-16  0.162818E-14  0.135548E-16  0.757479E-15  0.448160E-15  0.261533E-15  0.106159E-14  0.291320E-15  0.118128E-14  0.436032E-14  0.361823E-13  0.379302E-15
          59   343.237       7.61621      0.584073E-14  0.210688E-14  0.554818E-15  0.268125E-14  0.173765E-14  0.124687E-14  0.902199E-15  0.787636E-15  0.693389E-15  0.393925E-15  0.194853E-15  0.303071E-15  0.147236E-14  0.469206E-14  0.497076E-14  0.163183E-14  0.167425E-14  0.136543E-14  0.498333E-14  0.175599E-14  0.196990E-13  0.261331E-15  0.117013E-14  0.329934E-13  0.381098E-17  0.314248E-16  0.163857E-14  0.129966E-16  0.761705E-15  0.450421E-15  0.262369E-15  0.106532E-14  0.292413E-15  0.116095E-14  0.430643E-14  0.360977E-13  0.388197E-15
          60   355.174       7.79268      0.585311E-14  0.205427E-14  0.565356E-15  0.260303E-14  0.168023E-14  0.120149E-14  0.867717E-15  0.756838E-15  0.665741E-15  0.378120E-15  0.186998E-15  0.304709E-15  0.147670E-14  0.467373E-14  0.498239E-14  0.163384E-14  0.167012E-14  0.135959E-14  0.501357E-14  0.174086E-14  0.195286E-13  0.257561E-15  0.116808E-14  0.335379E-13  0.366067E-17  0.301570E-16  0.164729E-14  0.124726E-16  0.765168E-15  0.452212E-15  0.262932E-15  0.106853E-14  0.293419E-15  0.114075E-14  0.425326E-14  0.360173E-13  0.397220E-15
          61   367.316       7.97059      0.586530E-14  0.200297E-14  0.575863E-15  0.252790E-14  0.162564E-14  0.115869E-14  0.835316E-15  0.727940E-15  0.639831E-15  0.363313E-15  0.179642E-15  0.306184E-15  0.148033E-14  0.465438E-14  0.499108E-14  0.163512E-14  0.166540E-14  0.135335E-14  0.504188E-14  0.172554E-14  0.193549E-13  0.253994E-15  0.116560E-14  0.340778E-13  0.351970E-17  0.289697E-16  0.165442E-14  0.119819E-16  0.767900E-15  0.453553E-15  0.263236E-15  0.107126E-14  0.294341E-15  0.112070E-14  0.420082E-14  0.359410E-13  0.406374E-15
          62   379.661       8.15009      0.587729E-14  0.195305E-14  0.586331E-15  0.245566E-14  0.157362E-14  0.111818E-14  0.804750E-15  0.700721E-15  0.615457E-15  0.349389E-15  0.172726E-15  0.307507E-15  0.148332E-14  0.463413E-14  0.499704E-14  0.163574E-14  0.166014E-14  0.134674E-14  0.506836E-14  0.171005E-14  0.191787E-13  0.250600E-15  0.116271E-14  0.346136E-13  0.338700E-17  0.278536E-16  0.166005E-14  0.115206E-16  0.769951E-15  0.454473E-15  0.263299E-15  0.107352E-14  0.295183E-15  0.110081E-14  0.414912E-14  0.358683E-13  0.415667E-15
          63   392.211       8.33128      0.588907E-14  0.190448E-14  0.596745E-15  0.238616E-14  0.152400E-14  0.107978E-14  0.775871E-15  0.675042E-15  0.592491E-15  0.336275E-15  0.166213E-15  0.308685E-15  0.148568E-14  0.461305E-14  0.500042E-14  0.163572E-14  0.165440E-14  0.133981E-14  0.509313E-14  0.169442E-14  0.190005E-13  0.247361E-15  0.115945E-14  0.351455E-13  0.326188E-17  0.268026E-16  0.166427E-14  0.110862E-16  0.771361E-15  0.454997E-15  0.263138E-15  0.107537E-14  0.295950E-15  0.108111E-14  0.409813E-14  0.357991E-13  0.425104E-15
          64   404.965       8.51423      0.590066E-14  0.185723E-14  0.607093E-15  0.231925E-14  0.147660E-14  0.104333E-14  0.748545E-15  0.650779E-15  0.570818E-15  0.323903E-15  0.160071E-15  0.309725E-15  0.148745E-14  0.459122E-14  0.500137E-14  0.163512E-14  0.164821E-14  0.133259E-14  0.511626E-14  0.167868E-14  0.188205E-13  0.244262E-15  0.115586E-14  0.356737E-13  0.314373E-17  0.258114E-16  0.166716E-14  0.106765E-16  0.772167E-15  0.455147E-15  0.262768E-15  0.107681E-14  0.296643E-15  0.106162E-14  0.404785E-14  0.357331E-13  0.434689E-15
          65   417.922       8.69910      0.591206E-14  0.181111E-14  0.617369E-15  0.225465E-14  0.143124E-14  0.100868E-14  0.722663E-15  0.627828E-15  0.550337E-15  0.312215E-15  0.154270E-15  0.310635E-15  0.148868E-14  0.456870E-14  0.500002E-14  0.163396E-14  0.164162E-14  0.132511E-14  0.513784E-14  0.166286E-14  0.186391E-13  0.241287E-15  0.115194E-14  0.361987E-13  0.303200E-17  0.248753E-16  0.166881E-14  0.102895E-16  0.772405E-15  0.454946E-15  0.262201E-15  0.107789E-14  0.297266E-15  0.104233E-14  0.399826E-14  0.356700E-13  0.444430E-15
          66   431.084       8.88577      0.592326E-14  0.176641E-14  0.627542E-15  0.219253E-14  0.138788E-14  0.975712E-15  0.698095E-15  0.606073E-15  0.530949E-15  0.301156E-15  0.148782E-15  0.311419E-15  0.148938E-14  0.454558E-14  0.499650E-14  0.163229E-14  0.163466E-14  0.131741E-14  0.515792E-14  0.164698E-14  0.184568E-13  0.238424E-15  0.114774E-14  0.367200E-13  0.292617E-17  0.239898E-16  0.166926E-14  0.992348E-17  0.772111E-15  0.454415E-15  0.261452E-15  0.107861E-14  0.297821E-15  0.102329E-14  0.394941E-14  0.356097E-13  0.454324E-15
          67   444.450       9.07438      0.593426E-14  0.172295E-14  0.637606E-15  0.213263E-14  0.134635E-14  0.944310E-15  0.674756E-15  0.585434E-15  0.512575E-15  0.290678E-15  0.143585E-15  0.312083E-15  0.148958E-14  0.452190E-14  0.499095E-14  0.163013E-14  0.162737E-14  0.130952E-14  0.517657E-14  0.163107E-14  0.182739E-13  0.235661E-15  0.114327E-14  0.372380E-13  0.282581E-17  0.231512E-16  0.166860E-14  0.957678E-17  0.771316E-15  0.453574E-15  0.260534E-15  0.107900E-14  0.298308E-15  0.100448E-14  0.390126E-14  0.355520E-13  0.464376E-15
          68   458.020       9.26498      0.594508E-14  0.168068E-14  0.647549E-15  0.207484E-14  0.130654E-14  0.914364E-15  0.652559E-15  0.565829E-15  0.495141E-15  0.280739E-15  0.138656E-15  0.312634E-15  0.148931E-14  0.449772E-14  0.498347E-14  0.162750E-14  0.161978E-14  0.130145E-14  0.519387E-14  0.161514E-14  0.180905E-13  0.232988E-15  0.113856E-14  0.377529E-13  0.273053E-17  0.223559E-16  0.166690E-14  0.924800E-17  0.770051E-15  0.452443E-15  0.259458E-15  0.107909E-14  0.298730E-15  0.985929E-15  0.385382E-14  0.354968E-13  0.474589E-15
          69   471.794       9.45762      0.595571E-14  0.163958E-14  0.657357E-15  0.201906E-14  0.126835E-14  0.885779E-15  0.631424E-15  0.547184E-15  0.478577E-15  0.271300E-15  0.133975E-15  0.313075E-15  0.148859E-14  0.447308E-14  0.497418E-14  0.162445E-14  0.161191E-14  0.129323E-14  0.520986E-14  0.159920E-14  0.179070E-13  0.230398E-15  0.113362E-14  0.382646E-13  0.263995E-17  0.216008E-16  0.166421E-14  0.893583E-17  0.768346E-15  0.451040E-15  0.258236E-15  0.107888E-14  0.299089E-15  0.967632E-15  0.380707E-14  0.354439E-13  0.484966E-15
          70   485.772       9.65232      0.596616E-14  0.159962E-14  0.667016E-15  0.196521E-14  0.123169E-14  0.858466E-15  0.611280E-15  0.529434E-15  0.462824E-15  0.262326E-15  0.129526E-15  0.313413E-15  0.148745E-14  0.444802E-14  0.496317E-14  0.162100E-14  0.160379E-14  0.128488E-14  0.522461E-14  0.158328E-14  0.177234E-13  0.227881E-15  0.112847E-14  0.387732E-13  0.255376E-17  0.208830E-16  0.166059E-14  0.863908E-17  0.766229E-15  0.449382E-15  0.256878E-15  0.107840E-14  0.299385E-15  0.949598E-15  0.376101E-14  0.353932E-13  0.495510E-15
          71   499.954       9.84888      0.597642E-14  0.156083E-14  0.676497E-15  0.191342E-14  0.119670E-14  0.832541E-15  0.592203E-15  0.512639E-15  0.447930E-15  0.253842E-15  0.125322E-15  0.313646E-15  0.148589E-14  0.442258E-14  0.495048E-14  0.161714E-14  0.159544E-14  0.127641E-14  0.523808E-14  0.156738E-14  0.175400E-13  0.225445E-15  0.112312E-14  0.392779E-13  0.247223E-17  0.202047E-16  0.165607E-14  0.835862E-17  0.763713E-15  0.447481E-15  0.255392E-15  0.107764E-14  0.299616E-15  0.931848E-15  0.371572E-14  0.353447E-13  0.506208E-15
          72   514.340       10.0478      0.598652E-14  0.152305E-14  0.685824E-15  0.186314E-14  0.116284E-14  0.807528E-15  0.573839E-15  0.496493E-15  0.433627E-15  0.245699E-15  0.121287E-15  0.313790E-15  0.148396E-14  0.439682E-14  0.493635E-14  0.161294E-14  0.158690E-14  0.126787E-14  0.525048E-14  0.155153E-14  0.173571E-13  0.223055E-15  0.111761E-14  0.397807E-13  0.239390E-17  0.195538E-16  0.165077E-14  0.808950E-17  0.760850E-15  0.445365E-15  0.253794E-15  0.107665E-14  0.299791E-15  0.914358E-15  0.367103E-14  0.352979E-13  0.517089E-15
          73   528.930       10.2490      0.599645E-14  0.148631E-14  0.694969E-15  0.181454E-14  0.113027E-14  0.783569E-15  0.556286E-15  0.481076E-15  0.419983E-15  0.237933E-15  0.117440E-15  0.313844E-15  0.148168E-14  0.437076E-14  0.492079E-14  0.160842E-14  0.157818E-14  0.125925E-14  0.526178E-14  0.153573E-14  0.171748E-13  0.220720E-15  0.111195E-14  0.402804E-13  0.231913E-17  0.189331E-16  0.164470E-14  0.783288E-17  0.757650E-15  0.443042E-15  0.252089E-15  0.107544E-14  0.299907E-15  0.897144E-15  0.362701E-14  0.352528E-13  0.528140E-15
          74   543.725       10.4523      0.600622E-14  0.145060E-14  0.703922E-15  0.176755E-14  0.109892E-14  0.760603E-15  0.539495E-15  0.466343E-15  0.406954E-15  0.230519E-15  0.113768E-15  0.313811E-15  0.147905E-14  0.434444E-14  0.490387E-14  0.160357E-14  0.156929E-14  0.125058E-14  0.527202E-14  0.151998E-14  0.169931E-13  0.218436E-15  0.110614E-14  0.407773E-13  0.224770E-17  0.183408E-16  0.163792E-14  0.758797E-17  0.754135E-15  0.440527E-15  0.250285E-15  0.107401E-14  0.299964E-15  0.880211E-15  0.358367E-14  0.352095E-13  0.539363E-15
          75   558.723       10.6578      0.601583E-14  0.141589E-14  0.712672E-15  0.172210E-14  0.106875E-14  0.738572E-15  0.523420E-15  0.452251E-15  0.394503E-15  0.223436E-15  0.110260E-15  0.313695E-15  0.147610E-14  0.431787E-14  0.488569E-14  0.159843E-14  0.156026E-14  0.124186E-14  0.528124E-14  0.150431E-14  0.168122E-13  0.216197E-15  0.110019E-14  0.412713E-13  0.217940E-17  0.177751E-16  0.163046E-14  0.735402E-17  0.750327E-15  0.437834E-15  0.248391E-15  0.107238E-14  0.299964E-15  0.863560E-15  0.354099E-14  0.351678E-13  0.550758E-15
          76   573.925       10.8656      0.602529E-14  0.138213E-14  0.721211E-15  0.167813E-14  0.103968E-14  0.717425E-15  0.508018E-15  0.438761E-15  0.382594E-15  0.216663E-15  0.106907E-15  0.313500E-15  0.147284E-14  0.429109E-14  0.486631E-14  0.159301E-14  0.155111E-14  0.123311E-14  0.528947E-14  0.148872E-14  0.166323E-13  0.214000E-15  0.109414E-14  0.417624E-13  0.211405E-17  0.172342E-16  0.162238E-14  0.713035E-17  0.746245E-15  0.434975E-15  0.246415E-15  0.107055E-14  0.299906E-15  0.847192E-15  0.349896E-14  0.351276E-13  0.562327E-15
          77   589.332       11.0757      0.603460E-14  0.134934E-14  0.729537E-15  0.163555E-14  0.101161E-14  0.697053E-15  0.493198E-15  0.425793E-15  0.371154E-15  0.210158E-15  0.103687E-15  0.313231E-15  0.146929E-14  0.426412E-14  0.484583E-14  0.158733E-14  0.154184E-14  0.122434E-14  0.529679E-14  0.147322E-14  0.164535E-13  0.211836E-15  0.108798E-14  0.422509E-13  0.205125E-17  0.167149E-16  0.161373E-14  0.691559E-17  0.741915E-15  0.431965E-15  0.244365E-15  0.106855E-14  0.299794E-15  0.831104E-15  0.345756E-14  0.350887E-13  0.574074E-15
          78   604.942       11.2880      0.604377E-14  0.131744E-14  0.737633E-15  0.159436E-14  0.984597E-15  0.677535E-15  0.479033E-15  0.413409E-15  0.360236E-15  0.203952E-15  0.100616E-15  0.312889E-15  0.146546E-14  0.423698E-14  0.482428E-14  0.158140E-14  0.153247E-14  0.121557E-14  0.530316E-14  0.145781E-14  0.162757E-13  0.209714E-15  0.108172E-14  0.427363E-13  0.199129E-17  0.162195E-16  0.160452E-14  0.671073E-17  0.737344E-15  0.428813E-15  0.242245E-15  0.106638E-14  0.299626E-15  0.815304E-15  0.341682E-14  0.350513E-13  0.585991E-15
          79   620.757       11.5026      0.605281E-14  0.128642E-14  0.745499E-15  0.155449E-14  0.958543E-15  0.658765E-15  0.465433E-15  0.401528E-15  0.349770E-15  0.198004E-15  0.976727E-16  0.312477E-15  0.146136E-14  0.420970E-14  0.480174E-14  0.157524E-14  0.152301E-14  0.120679E-14  0.530867E-14  0.144251E-14  0.160991E-13  0.207625E-15  0.107538E-14  0.432189E-13  0.193379E-17  0.157448E-16  0.159481E-14  0.651442E-17  0.732556E-15  0.425530E-15  0.240064E-15  0.106404E-14  0.299403E-15  0.799787E-15  0.337672E-14  0.350151E-13  0.598082E-15
          80   636.775       11.7196      0.606171E-14  0.125627E-14  0.753127E-15  0.151587E-14  0.933401E-15  0.640705E-15  0.452369E-15  0.390123E-15  0.339730E-15  0.192299E-15  0.948505E-16  0.312000E-15  0.145701E-14  0.418229E-14  0.477827E-14  0.156887E-14  0.151348E-14  0.119803E-14  0.531332E-14  0.142731E-14  0.159237E-13  0.205566E-15  0.106896E-14  0.436987E-13  0.187860E-17  0.152896E-16  0.158463E-14  0.632618E-17  0.727566E-15  0.422129E-15  0.237826E-15  0.106156E-14  0.299126E-15  0.784553E-15  0.333724E-14  0.349802E-13  0.610346E-15
          81   652.998       11.9389      0.607049E-14  0.122695E-14  0.760514E-15  0.147847E-14  0.909130E-15  0.623319E-15  0.439810E-15  0.379168E-15  0.330093E-15  0.186825E-15  0.921424E-16  0.311460E-15  0.145243E-14  0.415477E-14  0.475395E-14  0.156229E-14  0.150389E-14  0.118929E-14  0.531717E-14  0.141222E-14  0.157497E-13  0.203536E-15  0.106248E-14  0.441756E-13  0.182561E-17  0.148528E-16  0.157401E-14  0.614555E-17  0.722391E-15  0.418619E-15  0.235538E-15  0.105893E-14  0.298796E-15  0.769601E-15  0.329838E-14  0.349464E-13  0.622785E-15
          82   669.425       12.1605      0.607915E-14  0.119845E-14  0.767655E-15  0.144223E-14  0.885689E-15  0.606573E-15  0.427732E-15  0.368639E-15  0.320836E-15  0.181567E-15  0.895423E-16  0.310859E-15  0.144762E-14  0.412716E-14  0.472882E-14  0.155552E-14  0.149425E-14  0.118058E-14  0.532023E-14  0.139725E-14  0.155771E-13  0.201532E-15  0.105594E-14  0.446498E-13  0.177470E-17  0.144335E-16  0.156299E-14  0.597212E-17  0.717044E-15  0.415010E-15  0.233206E-15  0.105617E-14  0.298415E-15  0.754928E-15  0.326013E-14  0.349137E-13  0.635398E-15
          83   686.056       12.3844      0.608768E-14  0.117074E-14  0.774542E-15  0.140716E-14  0.863092E-15  0.590482E-15  0.416146E-15  0.358546E-15  0.311966E-15  0.176530E-15  0.870516E-16  0.310200E-15  0.144259E-14  0.409947E-14  0.470291E-14  0.154857E-14  0.148456E-14  0.117190E-14  0.532251E-14  0.138241E-14  0.154059E-13  0.199556E-15  0.104936E-14  0.451208E-13  0.172590E-17  0.140319E-16  0.155160E-14  0.580601E-17  0.711539E-15  0.411310E-15  0.230833E-15  0.105329E-14  0.297980E-15  0.740539E-15  0.322250E-14  0.348821E-13  0.648179E-15
          84   702.890       12.6109      0.609612E-14  0.114379E-14  0.781183E-15  0.137311E-14  0.841204E-15  0.574922E-15  0.404953E-15  0.348802E-15  0.303409E-15  0.171673E-15  0.846498E-16  0.309488E-15  0.143737E-14  0.407172E-14  0.467633E-14  0.154145E-14  0.147483E-14  0.116326E-14  0.532408E-14  0.136769E-14  0.152362E-13  0.197600E-15  0.104274E-14  0.455894E-13  0.167880E-17  0.136445E-16  0.153987E-14  0.564581E-17  0.705893E-15  0.407529E-15  0.228426E-15  0.105029E-14  0.297497E-15  0.726418E-15  0.318544E-14  0.348514E-13  0.661138E-15
          85   719.929       12.8397      0.610445E-14  0.111758E-14  0.787570E-15  0.134011E-14  0.820043E-15  0.559915E-15  0.394171E-15  0.339422E-15  0.295177E-15  0.167000E-15  0.823398E-16  0.308723E-15  0.143195E-14  0.404392E-14  0.464909E-14  0.153418E-14  0.146509E-14  0.115468E-14  0.532496E-14  0.135309E-14  0.150680E-13  0.195665E-15  0.103608E-14  0.460552E-13  0.163348E-17  0.132720E-16  0.152783E-14  0.549173E-17  0.700117E-15  0.403676E-15  0.225989E-15  0.104718E-14  0.296963E-15  0.712570E-15  0.314896E-14  0.348217E-13  0.674269E-15
          86   737.172       13.0709      0.611269E-14  0.109209E-14  0.793703E-15  0.130810E-14  0.799579E-15  0.545435E-15  0.383780E-15  0.330388E-15  0.287252E-15  0.162502E-15  0.801167E-16  0.307909E-15  0.142636E-14  0.401608E-14  0.462125E-14  0.152677E-14  0.145532E-14  0.114614E-14  0.532516E-14  0.133863E-14  0.149014E-13  0.193752E-15  0.102940E-14  0.465182E-13  0.158983E-17  0.129135E-16  0.151551E-14  0.534346E-17  0.694223E-15  0.399758E-15  0.223526E-15  0.104398E-14  0.296381E-15  0.698992E-15  0.311305E-14  0.347928E-13  0.687571E-15
          87   754.619       13.3046      0.612083E-14  0.106730E-14  0.799578E-15  0.127707E-14  0.779782E-15  0.531457E-15  0.373761E-15  0.321682E-15  0.279619E-15  0.158171E-15  0.779763E-16  0.307047E-15  0.142059E-14  0.398822E-14  0.459285E-14  0.151921E-14  0.144554E-14  0.113767E-14  0.532470E-14  0.132430E-14  0.147363E-13  0.191858E-15  0.102270E-14  0.469784E-13  0.154778E-17  0.125684E-16  0.150292E-14  0.520070E-17  0.688221E-15  0.395781E-15  0.221041E-15  0.104068E-14  0.295751E-15  0.685680E-15  0.307770E-14  0.347648E-13  0.701043E-15
          88   772.270       13.5408      0.612888E-14  0.104319E-14  0.805197E-15  0.124696E-14  0.760626E-15  0.517959E-15  0.364097E-15  0.313289E-15  0.272263E-15  0.153998E-15  0.759144E-16  0.306139E-15  0.141466E-14  0.396034E-14  0.456393E-14  0.151153E-14  0.143576E-14  0.112926E-14  0.532362E-14  0.131010E-14  0.145727E-13  0.189984E-15  0.101598E-14  0.474359E-13  0.150726E-17  0.122359E-16  0.149011E-14  0.506317E-17  0.682124E-15  0.391754E-15  0.218537E-15  0.103729E-14  0.295074E-15  0.672632E-15  0.304291E-14  0.347376E-13  0.714683E-15
          89   790.126       13.7794      0.613685E-14  0.101974E-14  0.810552E-15  0.121775E-14  0.742101E-15  0.504931E-15  0.354780E-15  0.305201E-15  0.265179E-15  0.149980E-15  0.739289E-16  0.305189E-15  0.140859E-14  0.393247E-14  0.453455E-14  0.150374E-14  0.142599E-14  0.112092E-14  0.532192E-14  0.129605E-14  0.144109E-13  0.188128E-15  0.100927E-14  0.478904E-13  0.146821E-17  0.119158E-16  0.147709E-14  0.493074E-17  0.675946E-15  0.387686E-15  0.216022E-15  0.103382E-14  0.294350E-15  0.659851E-15  0.300869E-14  0.347111E-13  0.728485E-15
          90   808.185       14.0205      0.614474E-14  0.996929E-15  0.815656E-15  0.118940E-14  0.724147E-15  0.492329E-15  0.345776E-15  0.297389E-15  0.258340E-15  0.146101E-15  0.720128E-16  0.304197E-15  0.140236E-14  0.390459E-14  0.450472E-14  0.149583E-14  0.141622E-14  0.111265E-14  0.531964E-14  0.128213E-14  0.142506E-13  0.186289E-15  0.100254E-14  0.483424E-13  0.143050E-17  0.116068E-16  0.146387E-14  0.480294E-17  0.669686E-15  0.383576E-15  0.213492E-15  0.103028E-14  0.293582E-15  0.647318E-15  0.297497E-14  0.346854E-13  0.742459E-15
          91   826.448       14.2642      0.615257E-14  0.974737E-15  0.820505E-15  0.116189E-14  0.706758E-15  0.480146E-15  0.337080E-15  0.289848E-15  0.251741E-15  0.142359E-15  0.701643E-16  0.303165E-15  0.139600E-14  0.387672E-14  0.447449E-14  0.148782E-14  0.140645E-14  0.110446E-14  0.531680E-14  0.126835E-14  0.140920E-13  0.184467E-15  0.995816E-15  0.487916E-13  0.139411E-17  0.113088E-16  0.145048E-14  0.467965E-17  0.663360E-15  0.379434E-15  0.210955E-15  0.102667E-14  0.292769E-15  0.635038E-15  0.294179E-14  0.346604E-13  0.756597E-15
          92   844.915       14.5104      0.616032E-14  0.953145E-15  0.825097E-15  0.113517E-14  0.689913E-15  0.468364E-15  0.328678E-15  0.282566E-15  0.245370E-15  0.138747E-15  0.683805E-16  0.302096E-15  0.138951E-14  0.384888E-14  0.444389E-14  0.147972E-14  0.139671E-14  0.109634E-14  0.531342E-14  0.125471E-14  0.139350E-13  0.182661E-15  0.989099E-15  0.492381E-13  0.135898E-17  0.110212E-16  0.143694E-14  0.456067E-17  0.656975E-15  0.375266E-15  0.208411E-15  0.102300E-14  0.291914E-15  0.623007E-15  0.290912E-14  0.346360E-13  0.770898E-15
          93   863.587       14.7592      0.616802E-14  0.932136E-15  0.829436E-15  0.110924E-14  0.673589E-15  0.456965E-15  0.320557E-15  0.275531E-15  0.239219E-15  0.135260E-15  0.666582E-16  0.300991E-15  0.138290E-14  0.382106E-14  0.441296E-14  0.147152E-14  0.138698E-14  0.108830E-14  0.530951E-14  0.124122E-14  0.137797E-13  0.180871E-15  0.982391E-15  0.496819E-13  0.132504E-17  0.107435E-16  0.142327E-14  0.444580E-17  0.650539E-15  0.371075E-15  0.205866E-15  0.101927E-14  0.291016E-15  0.611221E-15  0.287695E-14  0.346123E-13  0.785359E-15
          94   882.462       15.0105      0.617565E-14  0.911692E-15  0.833523E-15  0.108405E-14  0.657768E-15  0.445935E-15  0.312705E-15  0.268732E-15  0.233275E-15  0.131891E-15  0.649948E-16  0.299853E-15  0.137618E-14  0.379327E-14  0.438174E-14  0.146325E-14  0.137729E-14  0.108034E-14  0.530510E-14  0.122787E-14  0.136260E-13  0.179096E-15  0.975698E-15  0.501229E-13  0.129224E-17  0.104753E-16  0.140948E-14  0.433485E-17  0.644062E-15  0.366869E-15  0.203320E-15  0.101549E-14  0.290077E-15  0.599675E-15  0.284528E-14  0.345891E-13  0.799979E-15
          95   901.542       15.2645      0.618324E-14  0.891801E-15  0.837359E-15  0.105957E-14  0.642411E-15  0.435238E-15  0.305093E-15  0.262142E-15  0.227517E-15  0.128627E-15  0.633835E-16  0.298682E-15  0.136935E-14  0.376553E-14  0.435026E-14  0.145490E-14  0.136762E-14  0.107248E-14  0.530020E-14  0.121466E-14  0.134739E-13  0.177335E-15  0.969025E-15  0.505612E-13  0.126046E-17  0.102155E-16  0.139561E-14  0.422738E-17  0.637552E-15  0.362652E-15  0.200777E-15  0.101166E-14  0.289099E-15  0.588365E-15  0.281410E-14  0.345666E-13  0.814755E-15
          96   920.825       15.5211      0.619077E-14  0.872437E-15  0.840948E-15  0.103580E-14  0.627537E-15  0.424900E-15  0.297746E-15  0.255785E-15  0.221965E-15  0.125481E-15  0.618301E-16  0.297480E-15  0.136242E-14  0.373784E-14  0.431853E-14  0.144649E-14  0.135798E-14  0.106469E-14  0.529483E-14  0.120159E-14  0.133235E-13  0.175590E-15  0.962371E-15  0.509968E-13  0.122981E-17  0.996505E-17  0.138165E-14  0.412378E-17  0.631011E-15  0.358426E-15  0.198238E-15  0.100779E-14  0.288081E-15  0.577289E-15  0.278339E-14  0.345446E-13  0.829685E-15
          97   940.313       15.7802      0.619826E-14  0.853588E-15  0.844291E-15  0.101271E-14  0.613108E-15  0.414886E-15  0.290635E-15  0.249635E-15  0.216595E-15  0.122438E-15  0.603281E-16  0.296248E-15  0.135539E-14  0.371019E-14  0.428658E-14  0.143800E-14  0.134838E-14  0.105700E-14  0.528901E-14  0.118867E-14  0.131748E-13  0.173861E-15  0.955742E-15  0.514297E-13  0.120016E-17  0.972289E-17  0.136762E-14  0.402360E-17  0.624448E-15  0.354197E-15  0.195705E-15  0.100388E-14  0.287026E-15  0.566442E-15  0.275316E-14  0.345231E-13  0.844765E-15
          98   960.004       16.0421      0.620571E-14  0.835238E-15  0.847392E-15  0.990265E-15  0.599110E-15  0.405184E-15  0.283751E-15  0.243682E-15  0.211399E-15  0.119495E-15  0.588752E-16  0.294989E-15  0.134827E-14  0.368261E-14  0.425445E-14  0.142946E-14  0.133881E-14  0.104939E-14  0.528275E-14  0.117590E-14  0.130277E-13  0.172145E-15  0.949140E-15  0.518599E-13  0.117146E-17  0.948865E-17  0.135354E-14  0.392669E-17  0.617870E-15  0.349967E-15  0.193181E-15  0.999941E-15  0.285934E-15  0.555819E-15  0.272339E-14  0.345021E-13  0.859994E-15
          99   979.900       16.3066      0.621313E-14  0.817374E-15  0.850253E-15  0.968451E-15  0.585525E-15  0.395781E-15  0.277083E-15  0.237919E-15  0.206370E-15  0.116646E-15  0.574693E-16  0.293703E-15  0.134107E-14  0.365509E-14  0.422216E-14  0.142087E-14  0.132929E-14  0.104188E-14  0.527606E-14  0.116326E-14  0.128823E-13  0.170444E-15  0.942568E-15  0.522874E-13  0.114369E-17  0.926200E-17  0.133942E-14  0.383292E-17  0.611281E-15  0.345742E-15  0.190667E-15  0.995973E-15  0.284806E-15  0.545416E-15  0.269406E-14  0.344817E-13  0.875368E-15
         100   1000.00       16.5738      0.622051E-14  0.799980E-15  0.852878E-15  0.947243E-15  0.572339E-15  0.386665E-15  0.270623E-15  0.232338E-15  0.201502E-15  0.113889E-15  0.561084E-16  0.292392E-15  0.133379E-14  0.362764E-14  0.418973E-14  0.141223E-14  0.131980E-14  0.103446E-14  0.526898E-14  0.115077E-14  0.127384E-13  0.168757E-15  0.936029E-15  0.527121E-13  0.111679E-17  0.904260E-17  0.132527E-14  0.374215E-17  0.604688E-15  0.341524E-15  0.188165E-15  0.991980E-15  0.283644E-15  0.535230E-15  0.266518E-14  0.344617E-13  0.890885E-15


Energy loss coefficients (eV m3/s)
 C1    He    Effective (momentum)                                
 C2    He    Excitation    19.80 eV                              
 C3    He    Ionization    24.58 eV                              
 C4    N2    Elastic                                             
 C5    N2    Excitation    0.020 eV                              
 C6    N2    Excitation    0.29 eV                               
 C7    N2    Excitation    0.29 eV                               
 C8    N2    Excitation    0.59 eV                               
 C9    N2    Excitation    0.88 eV                               
 C10   N2    Excitation    1.17 eV                               
 C11   N2    Excitation    1.47 eV                               
 C12   N2    Excitation    1.76 eV                               
 C13   N2    Excitation    2.06 eV                               
 C14   N2    Excitation    2.35 eV                               
 C15   N2    Excitation    6.17 eV                               
 C16   N2    Excitation    7.00 eV                               
 C17   N2    Excitation    7.35 eV                               
 C18   N2    Excitation    7.36 eV                               
 C19   N2    Excitation    7.80 eV                               
 C20   N2    Excitation    8.16 eV                               
 C21   N2    Excitation    8.40 eV                               
 C22   N2    Excitation    8.55 eV                               
 C23   N2    Excitation    8.89 eV                               
 C24   N2    Excitation    11.03 eV                              
 C25   N2    Excitation    11.87 eV                              
 C26   N2    Excitation    12.25 eV                              
 C27   N2    Excitation    13.00 eV                              
 C28   N2    Ionization    15.60 eV                              
 C29   O2    Attachment                                          
 C30   O2    Attachment                                          
 C31   O2    Effective (momentum)                                
 C32   O2    Excitation    0.020 eV                              
 C33   O2    Excitation    0.19 eV                               
 C34   O2    Excitation    0.19 eV                               
 C35   O2    Excitation    0.38 eV                               
 C36   O2    Excitation    0.38 eV                               
 C37   O2    Excitation    0.57 eV                               
 C38   O2    Excitation    0.75 eV                               
 C39   O2    Excitation    0.98 eV                               
 C40   O2    Excitation    1.63 eV                               
 C41   O2    Excitation    4.50 eV                               
 C42   O2    Excitation    6.00 eV                               
 C43   O2    Excitation    8.40 eV                               
 C44   O2    Excitation    9.97 eV                               
 C45   O2    Ionization    12.06 eV                              
            R#      E/N (Td)   Energy (eV)      C1            C2            C3            C4            C5            C6            C7            C8            C9           C10           C11           C12           C13           C14           C15           C16           C17           C18           C19           C20           C21           C22           C23           C24           C25           C26           C27           C28           C29           C30           C31           C32           C33           C34           C35           C36           C37           C38           C39           C40           C41           C42           C43           C44           C45      
           1  0.100000E-01  0.397310E-01  0.155972E-20   0.00000       0.00000      0.173958E-21  0.482968E-20  0.494512E-23   0.00000       0.00000       0.00000       0.00000     -0.653953E-49 -0.148142E-51 -0.267707E-53 -0.181675E-56 -0.112663-119 -0.913201-133 -0.110901-137 -0.381431-139 -0.308942-146 -0.771501-152 -0.665933-156 -0.526665-158 -0.470671-164 -0.581755-199 -0.504291-212 -0.191658-220 -0.610571-232   0.00000      0.182675E-36   0.00000      0.603057E-22  0.723021E-22  0.697652E-22   0.00000     -0.817617E-26   0.00000     -0.956649E-28 -0.775760E-30 -0.470648E-33 -0.967242E-44 -0.566056E-91 -0.952055-115 -0.596358-154 -0.147835-183   0.00000    
           2  0.112029      0.897143E-01  0.160359E-18   0.00000       0.00000      0.248383E-19  0.202807E-18  0.406913E-20   0.00000       0.00000       0.00000       0.00000     -0.169812E-46 -0.127662E-49 -0.164735E-51 -0.662100E-55 -0.173869-119 -0.140772-132 -0.170895-137 -0.587768-139 -0.475898-146 -0.118794-151 -0.102518-155 -0.810688-158 -0.819515-164 -0.894134-199 -0.493656-212 -0.294416-220 -0.937678-232   0.00000      0.421610E-36   0.00000      0.945520E-20  0.696367E-20  0.812221E-19   0.00000      0.915544E-23   0.00000      0.843044E-26  0.523867E-28 -0.760484E-33 -0.153035E-43 -0.877188E-91 -0.146966-114 -0.918076-154 -0.437144-183   0.00000    
           3  0.418118      0.165506      0.550879E-18   0.00000       0.00000      0.100723E-18  0.361108E-18  0.174678E-18 -0.182871E-31 -0.179874E-34 -0.437068E-37 -0.179449E-40 -0.758317E-43 -0.186701E-46 -0.112195E-49 -0.850881E-54 -0.243031-119 -0.196080-132 -0.238381-137 -0.819934-139 -0.666689-146 -0.165527-151 -0.142809-155 -0.112907-157 -0.138670-163 -0.124281-198 -0.382605-212 -0.408889-220 -0.130176-231   0.00000      0.381194E-36   0.00000      0.414870E-19  0.221900E-19  0.446275E-17   0.00000      0.175132E-19   0.00000      0.503881E-22  0.157763E-23  0.464599E-25 -0.221225E-43 -0.128163E-90 -0.205501-114 -0.127888-153 -0.773254-183   0.00000    
           4  0.928265      0.226785      0.100052E-17   0.00000       0.00000      0.197478E-18  0.444627E-18  0.654962E-18  0.258555E-23  0.730688E-26  0.533460E-28 -0.119892E-36 -0.169192E-40 -0.122083E-44 -0.672061E-49 -0.206312E-53 -0.287586-119 -0.230196-132 -0.281550-137 -0.989554-139 -0.801015-146 -0.195313-151 -0.168485-155 -0.133088-157 -0.180463-163 -0.146670-198 -0.316960-212 -0.481077-220 -0.153113-231   0.00000      0.355836E-36   0.00000      0.876220E-19  0.497866E-19  0.204919E-16   0.00000      0.110736E-17   0.00000      0.354777E-19  0.265834E-20  0.118490E-20  0.911927E-26 -0.173558E-90 -0.243211-114 -0.150860-153 -0.974690-183   0.00000    
           5   1.64247      0.313057      0.182309E-17   0.00000       0.00000      0.375956E-18  0.547626E-18  0.174069E-17  0.104762E-19  0.180525E-21  0.157008E-23  0.119340E-25  0.108792E-26  0.129071E-30  0.796782E-33 -0.295793E-53 -0.344005-119 -0.272807-132 -0.333839-137 -0.159380-138 -0.100169-145 -0.231101-151 -0.199574-155 -0.156918-157 -0.230532-163 -0.175785-198 -0.254642-212 -0.566299-220 -0.180457-231   0.00000      0.346101E-36   0.00000      0.185190E-18  0.964987E-19  0.473540E-16   0.00000      0.903054E-17   0.00000      0.106940E-17  0.136441E-18  0.119405E-18  0.568835E-22 -0.262578E-90 -0.288799-114 -0.177958-153 -0.120603-182   0.00000    
           6   2.56073      0.451070      0.345120E-17   0.00000       0.00000      0.731909E-18  0.748935E-18  0.586783E-17  0.593752E-18  0.354731E-19  0.108172E-20  0.188071E-23  0.289928E-24  0.601228E-28  0.193062E-30 -0.311153E-53 -0.435937-119 -0.346462-132 -0.408338-137 -0.367597-138 -0.138538-145 -0.281394-151 -0.243926-155 -0.189740-157 -0.298841-163 -0.224009-198 -0.189936-212 -0.682344-220 -0.219410-231   0.00000      0.331600E-36   0.00000      0.400111E-18  0.161661E-18  0.695661E-16   0.00000      0.253931E-16   0.00000      0.554357E-17  0.105736E-17  0.117098E-17  0.404157E-20 -0.436308E-90 -0.351791-114 -0.212491-153 -0.151920-182   0.00000    
           7   3.68306      0.609676      0.556017E-17   0.00000       0.00000      0.120870E-17  0.106549E-17  0.147986E-16  0.509036E-17  0.658685E-18  0.515206E-19  0.126101E-21  0.831756E-23  0.458593E-26  0.260469E-28 -0.276081E-53 -0.548476-119 -0.441174-132 -0.488759-137 -0.689923-138 -0.188571-145 -0.335145-151 -0.291803-155 -0.224432-157 -0.369694-163 -0.284871-198 -0.136532-212 -0.803020-220 -0.262351-231   0.00000      0.302196E-36   0.00000      0.692127E-18  0.217270E-18  0.763827E-16   0.00000      0.392352E-16   0.00000      0.116525E-16  0.289754E-17  0.378927E-17  0.384438E-19 -0.656682E-90 -0.416709-114 -0.243882-153 -0.184666-182   0.00000    
           8   5.00944      0.740433      0.743347E-17   0.00000       0.00000      0.165309E-17  0.143599E-17  0.250242E-16  0.177437E-16  0.378889E-17  0.545666E-18  0.384822E-20  0.318493E-21  0.363106E-24  0.632328E-26  0.560122E-29 -0.646179-119 -0.525663-132 -0.552668-137 -0.991816-138 -0.233139-145 -0.377594-151 -0.329816-155 -0.251672-157 -0.424216-163 -0.340622-198 -0.102221-212 -0.896452-220 -0.297376-231   0.00000      0.270012E-36   0.00000      0.955323E-18  0.247571E-18  0.740125E-16   0.00000      0.457847E-16   0.00000      0.160991E-16  0.475301E-17  0.715803E-17  0.138604E-18 -0.848538E-90 -0.465946-114 -0.264416-153 -0.210185-182   0.00000    
           9   6.53988      0.833792      0.884355E-17   0.00000       0.00000      0.200587E-17  0.183225E-17  0.332882E-16  0.395089E-16  0.119094E-16  0.261393E-17  0.452132E-19  0.761779E-20  0.153939E-22  0.332289E-24  0.591723E-27 -0.718501-119 -0.589166-132 -0.597173-137 -0.122106-137 -0.266624-145 -0.407036-151 -0.356259-155 -0.270503-157 -0.461202-163 -0.384662-198 -0.821564-213 -0.960316-220 -0.322345-231   0.00000      0.244007E-36   0.00000      0.115305E-17  0.259598E-18  0.694853E-16   0.00000      0.477588E-16   0.00000      0.185263E-16  0.611194E-17  0.103858E-16  0.306413E-18 -0.989694E-90 -0.498814-114 -0.276120-153 -0.227724-182   0.00000    
          10   8.27438      0.898561      0.986187E-17   0.00000       0.00000      0.227466E-17  0.225850E-17  0.389652E-16  0.692268E-16  0.268559E-16  0.802767E-17  0.285503E-18  0.774833E-19  0.500749E-21  0.166140E-22  0.948576E-25 -0.769915-119 -0.634729-132 -0.627486-137 -0.138500-137 -0.290695-145 -0.427035-151 -0.374251-155 -0.283265-157 -0.485858-163 -0.418131-198 -0.703573-213 -0.100322-219 -0.339680-231   0.00000      0.225128E-36   0.00000      0.129440E-17  0.262511E-18  0.653823E-16   0.00000      0.478148E-16   0.00000      0.196825E-16  0.698091E-17  0.131505E-16  0.521392E-18 -0.108904E-89 -0.520370-114 -0.282657-153 -0.239554-182   0.00000    
          11   10.2129      0.944297      0.106046E-16   0.00000       0.00000      0.248131E-17  0.272607E-17  0.425771E-16  0.105476E-15  0.497130E-16  0.188338E-16  0.119257E-17  0.434176E-18  0.751213E-20  0.381459E-21  0.596429E-23 -0.806832-119 -0.667644-132 -0.648579-137 -0.150233-137 -0.308141-145 -0.440927-151 -0.386759-155 -0.292116-157 -0.502710-163 -0.443776-198 -0.631313-213 -0.103275-219 -0.351928-231   0.00000      0.211730E-36   0.00000      0.139600E-17  0.261502E-18  0.621707E-16   0.00000      0.472168E-16   0.00000      0.201667E-16  0.750306E-17  0.154481E-16  0.764506E-18 -0.115950E-89 -0.534847-114 -0.286390-153 -0.247726-182   0.00000    
          12   12.3556      0.977714      0.111628E-16   0.00000       0.00000      0.264493E-17  0.324579E-17  0.447669E-16  0.147079E-15  0.810162E-16  0.370361E-16  0.371105E-17  0.162882E-17  0.604581E-19  0.442314E-20  0.145049E-21 -0.834126-119 -0.692082-132 -0.663800-137 -0.158832-137 -0.321151-145 -0.450941-151 -0.395777-155 -0.298485-157 -0.514680-163 -0.463979-198 -0.584926-213 -0.105387-219 -0.360874-231   0.00000      0.202126E-36   0.00000      0.147103E-17  0.258959E-18  0.597408E-16 -0.434090E-31  0.464557E-16 -0.255407E-33  0.203098E-16  0.780238E-17  0.173716E-16  0.102551E-17 -0.121083E-89 -0.544920-114 -0.288582-153 -0.253587-182   0.00000    
          13   14.7022       1.00315      0.115989E-16   0.00000       0.00000      0.277956E-17  0.382802E-17  0.460223E-16  0.193150E-15  0.120852E-15  0.643214E-16  0.928888E-17  0.463299E-17  0.311482E-18  0.310212E-19  0.176975E-20  0.567435E-25  0.634984E-25  0.208460E-24  0.101782E-25  0.132710E-26 -0.458474-151 -0.402559-155 -0.303269-157 -0.523558-163 -0.480508-198 -0.553773-213 -0.106965-219 -0.367672-231   0.00000      0.195078E-36  0.140847E-23  0.152847E-17  0.255892E-18  0.578938E-16  0.694755E-24  0.457000E-16  0.669769E-24  0.202783E-16  0.796160E-17  0.190253E-16  0.130174E-17  0.727122E-23  0.700666E-23 -0.289894-153 -0.257974-182   0.00000    
          14   17.2530       1.02342      0.119553E-16   0.00000       0.00000      0.289543E-17  0.448291E-17  0.466672E-16  0.243112E-15  0.168978E-15  0.101873E-15  0.197026E-16  0.107976E-16  0.115517E-17  0.148997E-18  0.129233E-19  0.201031E-23  0.391299E-23  0.158265E-22  0.443240E-23  0.102866E-23  0.856584E-24  0.462746E-24  0.821577E-24  0.292616E-24  0.148362E-26 -0.531932-213 -0.108198-219 -0.373065-231   0.00000      0.189743E-36  0.355367E-22  0.157436E-17  0.252701E-18  0.564602E-16  0.175004E-22  0.449974E-16  0.165742E-22  0.201546E-16  0.803186E-17  0.205006E-16  0.159544E-17  0.186059E-21  0.206228E-21  0.374122E-22  0.104715E-26   0.00000    
          15   20.0078       1.04038      0.122614E-16   0.00000       0.00000      0.299995E-17  0.521940E-17  0.469122E-16  0.296639E-15  0.224951E-15  0.150296E-15  0.367949E-16  0.217213E-16  0.336003E-17  0.538608E-18  0.645341E-19  0.328213E-22  0.719505E-22  0.298445E-21  0.920805E-22  0.224038E-22  0.191026E-22  0.110064E-22  0.202874E-22  0.813203E-23  0.743366E-25 -0.515959-213 -0.109213-219 -0.377546-231   0.00000      0.185528E-36  0.482030E-21  0.161283E-17  0.249519E-18  0.553095E-16  0.232477E-21  0.443489E-16  0.216491E-21  0.199796E-16  0.804500E-17  0.218747E-16  0.191209E-17  0.251533E-20  0.312562E-20  0.857159E-21  0.412611E-25   0.00000    
          16   22.9666       1.05536      0.125385E-16   0.00000       0.00000      0.309888E-17  0.604514E-17  0.468925E-16  0.353603E-15  0.288241E-15  0.209607E-15  0.622257E-16  0.390822E-16  0.813878E-17  0.156895E-17  0.242647E-18  0.314036E-21  0.758911E-21  0.320585E-20  0.107217E-20  0.272848E-21  0.236421E-21  0.143756E-21  0.273201E-21  0.120574E-21  0.819898E-23  0.757314E-24  0.267574E-25  0.243571E-25   0.00000      0.182038E-36  0.391711E-20  0.164679E-17  0.246360E-18  0.543452E-16  0.187783E-20  0.437396E-16  0.172676E-20  0.197739E-16  0.802091E-17  0.232185E-16  0.226190E-17  0.205014E-19  0.279092E-19  0.107122E-19  0.874906E-24  0.156287E-24
          17   26.1295       1.06938      0.128050E-16   0.00000       0.00000      0.319732E-17  0.696790E-17  0.466956E-16  0.413976E-15  0.358394E-15  0.279468E-15  0.973065E-16  0.644606E-16  0.171011E-16  0.385685E-17  0.731460E-18  0.200280E-20  0.525088E-20  0.224858E-19  0.804650E-20  0.213572E-20  0.187014E-20  0.118882E-20  0.231539E-20  0.110317E-20  0.130130E-21  0.120347E-22  0.550047E-24  0.591365E-24   0.00000      0.179034E-36  0.215545E-19  0.167866E-17  0.243201E-18  0.535001E-16  0.103731E-19  0.431537E-16  0.944876E-20  0.195497E-16  0.797332E-17  0.246132E-16  0.266551E-17  0.113643E-18  0.166730E-18  0.846626E-19  0.102195E-22  0.307695E-23
          18   29.4965       1.08350      0.130822E-16   0.00000       0.00000      0.330137E-17  0.799268E-17  0.463858E-16  0.477768E-15  0.434960E-15  0.359154E-15  0.142879E-15  0.991895E-16  0.321303E-16  0.828896E-17  0.185484E-17  0.937705E-20  0.263398E-19  0.113954E-18  0.432061E-19  0.119181E-19  0.105169E-19  0.693949E-20  0.137906E-19  0.698949E-20  0.133794E-20  0.117390E-21  0.724835E-23  0.154794E-22  0.910703E-26  0.176310E-36  0.880969E-19  0.171116E-17  0.239985E-18  0.527184E-16  0.428442E-19  0.425716E-16  0.387508E-19  0.193196E-16  0.791609E-17  0.261916E-16  0.316792E-17  0.469296E-18  0.733224E-18  0.471504E-18  0.792673E-22  0.390630E-22
          19   33.0675       1.09907      0.134006E-16   0.00000       0.00000      0.341965E-17  0.912341E-17  0.460156E-16  0.544931E-15  0.517562E-15  0.447837E-15  0.199336E-15  0.144253E-15  0.551295E-16  0.159583E-16  0.408764E-17  0.344178E-19  0.102547E-18  0.447050E-18  0.178226E-18  0.508947E-19  0.451967E-19  0.307780E-19  0.621956E-19  0.331443E-19  0.950894E-20  0.784670E-21  0.610126E-22  0.156683E-21  0.167684E-24  0.173662E-36  0.284817E-18  0.174817E-17  0.236636E-18  0.519550E-16  0.140609E-18  0.419736E-16  0.126504E-18  0.191064E-16  0.786982E-17  0.281839E-16  0.385664E-17  0.153613E-17  0.253320E-17  0.199351E-17  0.445391E-21  0.320458E-21
          20   36.8426       1.11805      0.138074E-16   0.00000       0.00000      0.356519E-17  0.103602E-16  0.456396E-16  0.615280E-15  0.605685E-15  0.544384E-15  0.266559E-15  0.200207E-15  0.878537E-16  0.280823E-16  0.804145E-17  0.104327E-18  0.327002E-18  0.143350E-17  0.597333E-18  0.175887E-18  0.157110E-18  0.109895E-18  0.225215E-18  0.124999E-18  0.508764E-19  0.389126E-20  0.374846E-21  0.113433E-20  0.466081E-23  0.170928E-36  0.765940E-18  0.179580E-17  0.233041E-18  0.511654E-16  0.385015E-18  0.413356E-16  0.345046E-18  0.189532E-16  0.787082E-17  0.309709E-16  0.488114E-17  0.418835E-17  0.724082E-17  0.678479E-17  0.194035E-20  0.193081E-20
          21   40.8218       1.14309      0.143688E-16   0.00000       0.00000      0.375614E-17  0.116969E-16  0.453209E-16  0.688293E-15  0.698526E-15  0.647354E-15  0.343847E-15  0.267020E-15  0.131597E-15  0.458214E-16  0.143891E-16  0.270646E-18  0.886292E-18  0.390031E-17  0.169073E-17  0.511358E-18  0.459449E-18  0.328825E-18  0.681975E-18  0.391147E-18  0.215859E-18  0.151658E-19  0.178396E-20  0.622062E-20  0.426671E-22  0.168003E-36  0.177350E-17  0.186298E-17  0.229063E-18  0.503062E-16  0.909561E-18  0.406301E-16  0.812840E-18  0.189341E-16  0.797909E-17  0.351007E-16  0.645863E-17  0.984171E-17  0.177428E-16  0.193596E-16  0.687467E-20  0.905507E-20
          22   45.0050       1.17758      0.151708E-16   0.00000       0.00000      0.401570E-17  0.131212E-16  0.451351E-16  0.763162E-15  0.794933E-15  0.754941E-15  0.429945E-15  0.344065E-15  0.187030E-15  0.701219E-16  0.237797E-16  0.618506E-18  0.210389E-17  0.928080E-17  0.416972E-17  0.129062E-17  0.116676E-17  0.851641E-18  0.178459E-17  0.105086E-17  0.757144E-18  0.486283E-19  0.690212E-20  0.272817E-19  0.290208E-21  0.164709E-36  0.363655E-17  0.196177E-17  0.224542E-18  0.493326E-16  0.190534E-17  0.398271E-16  0.169935E-17  0.191616E-16  0.828420E-17  0.412793E-16  0.886887E-17  0.204914E-16  0.383619E-16  0.478558E-16  0.205839E-19  0.346573E-19
          23   49.3922       1.22536      0.163116E-16  0.408294E-23   0.00000      0.437039E-17  0.146115E-16  0.451668E-16  0.838667E-15  0.893309E-15  0.864962E-15  0.523010E-15  0.430021E-15  0.253994E-15  0.101532E-15  0.367218E-16  0.127205E-17  0.447254E-17  0.197517E-16  0.917070E-17  0.289509E-17  0.263450E-17  0.195590E-17  0.413588E-17  0.248669E-17  0.226586E-17  0.132773E-18  0.225069E-19  0.994918E-19  0.156061E-20  0.160915E-36  0.674252E-17  0.210670E-17  0.219315E-18  0.482030E-16  0.361177E-17  0.388967E-16  0.321702E-17  0.197848E-16  0.890411E-17  0.503010E-16  0.124259E-16  0.385907E-16  0.747661E-16  0.105017E-15  0.536097E-19  0.112159E-18
          24   53.9835       1.29026      0.178897E-16  0.281571E-22   0.00000      0.484654E-17  0.161350E-16  0.455047E-16  0.913125E-15  0.991361E-15  0.974494E-15  0.620443E-15  0.522749E-15  0.331366E-15  0.140028E-15  0.534630E-16  0.239313E-17  0.866104E-17  0.382491E-16  0.183103E-16  0.587740E-17  0.538602E-17  0.405788E-17  0.865099E-17  0.528601E-17  0.592871E-17  0.316993E-18  0.635957E-19  0.310774E-18  0.679727E-20  0.156490E-36  0.114853E-16  0.231339E-17  0.213255E-18  0.468851E-16  0.629239E-17  0.378160E-16  0.560008E-17  0.209793E-16  0.997678E-17  0.629358E-16  0.174323E-16  0.667766E-16  0.133510E-15  0.208458E-15  0.124188E-18  0.315344E-18
          25   58.7789       1.37556      0.199904E-16  0.154088E-21  0.730318E-25  0.546700E-17  0.176494E-16  0.462302E-16  0.984512E-15  0.108638E-14  0.108026E-14  0.719053E-15  0.619340E-15  0.417010E-15  0.184947E-15  0.739264E-16  0.417230E-17  0.154877E-16  0.683281E-16  0.336644E-16  0.109569E-16  0.101156E-16  0.771909E-17  0.165810E-16  0.102544E-16  0.138333E-16  0.675889E-18  0.159191E-18  0.851654E-18  0.249260E-19  0.151379E-36  0.182039E-16  0.259680E-17  0.206282E-18  0.453583E-16  0.102011E-16  0.365701E-16  0.907495E-17  0.229267E-16  0.116446E-16  0.798118E-16  0.241327E-16  0.107509E-15  0.221296E-15  0.379941E-15  0.260485E-18  0.787207E-18
          26   63.7784       1.48351      0.226727E-16  0.688179E-21  0.566693E-24  0.624772E-17  0.191168E-16  0.473993E-16  0.105106E-14  0.117613E-14  0.117984E-14  0.816159E-15  0.717082E-15  0.508371E-15  0.235137E-15  0.977110E-16  0.681201E-17  0.258569E-16  0.113855E-15  0.576519E-16  0.189797E-16  0.176587E-16  0.136255E-16  0.294792E-16  0.183868E-16  0.292464E-16  0.130900E-17  0.359298E-18  0.208697E-17  0.789146E-19  0.145571E-36  0.271221E-16  0.296917E-17  0.198387E-18  0.436222E-16  0.155434E-16  0.351592E-16  0.138260E-16  0.257898E-16  0.140338E-16  0.101307E-15  0.326724E-16  0.162673E-15  0.344043E-15  0.643559E-15  0.501875E-18  0.177535E-17
          27   68.9819       1.61488      0.259575E-16  0.259170E-20  0.348233E-23  0.719445E-17  0.204896E-16  0.490469E-16  0.111076E-14  0.125784E-14  0.127006E-14  0.908348E-15  0.812489E-15  0.602076E-15  0.288863E-15  0.124081E-15  0.105047E-16  0.406678E-16  0.178574E-15  0.928338E-16  0.308456E-16  0.289287E-16  0.225384E-16  0.491061E-16  0.307924E-16  0.567685E-16  0.233463E-17  0.741756E-18  0.464470E-17  0.220287E-18  0.139121E-36  0.383029E-16  0.343829E-17  0.189647E-18  0.416926E-16  0.224417E-16  0.335967E-16  0.199647E-16  0.296876E-16  0.172359E-16  0.127460E-15  0.430603E-16  0.233243E-15  0.505974E-15  0.102310E-14  0.898711E-18  0.366864E-17
          28   74.3894       1.76887      0.298255E-16  0.843123E-20  0.175073E-22  0.830231E-17  0.217283E-16  0.511734E-16  0.116208E-14  0.132939E-14  0.134862E-14  0.992825E-15  0.902478E-15  0.694731E-15  0.344150E-15  0.152085E-15  0.154116E-16  0.607181E-16  0.265667E-15  0.141675E-15  0.474199E-16  0.448353E-16  0.352265E-16  0.772940E-16  0.485901E-16  0.102291E-15  0.387866E-17  0.141742E-17  0.950995E-17  0.551606E-18  0.132141E-36  0.516347E-16  0.400655E-17  0.180208E-18  0.396031E-16  0.309152E-16  0.319094E-16  0.275113E-16  0.346771E-16  0.212927E-16  0.157961E-15  0.551691E-16  0.319109E-15  0.708980E-15  0.153924E-14  0.151053E-17  0.702838E-17
          29   80.0010       1.94352      0.342261E-16  0.241887E-19  0.825028E-22  0.955833E-17  0.228041E-16  0.537510E-16  0.120405E-14  0.138937E-14  0.141413E-14  0.106756E-14  0.984595E-15  0.783301E-15  0.399043E-15  0.180707E-15  0.216533E-16  0.866514E-16  0.377512E-15  0.206388E-15  0.694705E-16  0.662205E-16  0.524111E-16  0.115835E-15  0.728176E-16  0.172786E-15  0.606278E-17  0.253317E-17  0.181152E-16  0.125759E-17  0.124775E-36  0.668682E-16  0.467175E-17  0.170260E-18  0.373969E-16  0.408904E-16  0.301316E-16  0.364040E-16  0.407524E-16  0.261964E-16  0.192246E-15  0.687715E-16  0.419224E-15  0.952698E-15  0.220798E-14  0.240381E-17  0.126121E-16
          30   85.8167       2.13506      0.390627E-16  0.621740E-19  0.307158E-21  0.109371E-16  0.236936E-16  0.567175E-16  0.123610E-14  0.143682E-14  0.146558E-14  0.113085E-14  0.105666E-14  0.864921E-15  0.451579E-15  0.208858E-15  0.292754E-16  0.118803E-15  0.515023E-15  0.288511E-15  0.975209E-16  0.937102E-16  0.746416E-16  0.166214E-15  0.104249E-15  0.275669E-15  0.898465E-17  0.426756E-17  0.323798E-16  0.264045E-17  0.117212E-36  0.835727E-16  0.542453E-17  0.160060E-18  0.351313E-16  0.521644E-16  0.283093E-16  0.464655E-16  0.478199E-16  0.318695E-16  0.229391E-15  0.834998E-16  0.531259E-15  0.123350E-14  0.303653E-14  0.364564E-17  0.213648E-16
          31   91.8365       2.33984      0.442397E-16  0.145347E-18  0.100522E-20  0.124138E-16  0.243911E-16  0.600029E-16  0.125840E-14  0.147182E-14  0.150324E-14  0.118221E-14  0.111771E-14  0.937806E-15  0.500321E-15  0.235677E-15  0.382873E-16  0.157342E-15  0.678287E-15  0.389195E-15  0.131939E-15  0.127785E-15  0.102346E-15  0.229718E-15  0.143454E-15  0.418541E-15  0.127186E-16  0.682999E-17  0.547659E-16  0.516202E-17  0.109617E-36  0.101313E-15  0.625476E-17  0.149824E-18  0.328560E-16  0.645057E-16  0.264813E-16  0.574923E-16  0.557539E-16  0.382096E-16  0.268503E-15  0.990015E-16  0.652668E-15  0.154674E-14  0.402702E-14  0.530444E-17  0.344305E-16
          32   98.0602       2.55374      0.496495E-16  0.312872E-18  0.294478E-20  0.139604E-16  0.248992E-16  0.635269E-16  0.127147E-14  0.149493E-14  0.152779E-14  0.122169E-14  0.116733E-14  0.100086E-14  0.544241E-15  0.260472E-15  0.486424E-16  0.202184E-15  0.866227E-15  0.508939E-15  0.172852E-15  0.168689E-15  0.135750E-15  0.307262E-15  0.190693E-15  0.608492E-15  0.173049E-16  0.104509E-16  0.882575E-16  0.948201E-17  0.102177E-36  0.119615E-15  0.714956E-17  0.139764E-18  0.306188E-16  0.776318E-16  0.246857E-16  0.692345E-16  0.643842E-16  0.450800E-16  0.308625E-15  0.114901E-15  0.780461E-15  0.188621E-14  0.517442E-14  0.744472E-17  0.531226E-16
          33   104.488       2.77317      0.551976E-16  0.626635E-18  0.780986E-20  0.155524E-16  0.252306E-16  0.672140E-16  0.127628E-14  0.150726E-14  0.154063E-14  0.125006E-14  0.120586E-14  0.105353E-14  0.582595E-15  0.282749E-15  0.602703E-16  0.253117E-15  0.107719E-14  0.647864E-15  0.220239E-15  0.216504E-15  0.174943E-15  0.399503E-15  0.246001E-15  0.851831E-15  0.227549E-16  0.153756E-16  0.136342E-15  0.164932E-16  0.949595E-37  0.138061E-15  0.809695E-17  0.130041E-18  0.284566E-16  0.912719E-16  0.229513E-16  0.814518E-16  0.735363E-16  0.523404E-16  0.348938E-15  0.130878E-15  0.911847E-15  0.224563E-14  0.647007E-14  0.101280E-16  0.789119E-16
          34   111.120       2.99479      0.607955E-16  0.117844E-17  0.190018E-19  0.171669E-16  0.254016E-16  0.709936E-16  0.127387E-14  0.151006E-14  0.154318E-14  0.126826E-14  0.123394E-14  0.109598E-14  0.615170E-15  0.302243E-15  0.730694E-16  0.309771E-15  0.130884E-14  0.805606E-15  0.273905E-15  0.271116E-15  0.219839E-15  0.506773E-15  0.309153E-15  0.115368E-14  0.290513E-16  0.218542E-16  0.202954E-15  0.273509E-16  0.880925E-37  0.156271E-15  0.908493E-17  0.120787E-18  0.263991E-16  0.105157E-15  0.213017E-16  0.939038E-16  0.830271E-16  0.598450E-16  0.388699E-15  0.146645E-15  0.104412E-14  0.261847E-14  0.790119E-14  0.134100E-16  0.113398E-15
          35   117.956       3.21598      0.663729E-16  0.209707E-17  0.428553E-19  0.187859E-16  0.254320E-16  0.748075E-16  0.126538E-14  0.150475E-14  0.153703E-14  0.127752E-14  0.125259E-14  0.112877E-14  0.642015E-15  0.318864E-15  0.869310E-16  0.371724E-15  0.155866E-14  0.981559E-15  0.333566E-15  0.332299E-15  0.270250E-15  0.629201E-15  0.379767E-15  0.151793E-14  0.361570E-16  0.301353E-16  0.292424E-15  0.434938E-16  0.816396E-37  0.173945E-15  0.101035E-16  0.112089E-18  0.244656E-16  0.119054E-15  0.197519E-16  0.106383E-15  0.926901E-16  0.674613E-16  0.427340E-15  0.161984E-15  0.117500E-14  0.299883E-14  0.945371E-14  0.173429E-16  0.158298E-15
          36   124.996       3.43494      0.718806E-16  0.355532E-17  0.904193E-19  0.203968E-16  0.253431E-16  0.786132E-16  0.125195E-14  0.149277E-14  0.152383E-14  0.127914E-14  0.126291E-14  0.115254E-14  0.663294E-15  0.332629E-15  0.101753E-15  0.438561E-15  0.182422E-14  0.117503E-14  0.398907E-15  0.399761E-15  0.325929E-15  0.766809E-15  0.457376E-15  0.194731E-14  0.440240E-16  0.404624E-16  0.409449E-15  0.666647E-16  0.756051E-37  0.190878E-15  0.111453E-16  0.103985E-18  0.226652E-16  0.132782E-15  0.183091E-16  0.118723E-15  0.102386E-15  0.750792E-16  0.464474E-15  0.176748E-15  0.130274E-14  0.338187E-14  0.111141E-13  0.219768E-16  0.215445E-15
          37   132.240       3.65000      0.772724E-16  0.577416E-17  0.179753E-18  0.219880E-16  0.251546E-16  0.823721E-16  0.123454E-14  0.147534E-14  0.150486E-14  0.127437E-14  0.126614E-14  0.116860E-14  0.679654E-15  0.343743E-15  0.117417E-15  0.509773E-15  0.210277E-14  0.138496E-14  0.469502E-15  0.473074E-15  0.386506E-15  0.919347E-15  0.541345E-15  0.244307E-14  0.525891E-16  0.530591E-16  0.558929E-15  0.988952E-16  0.700668E-37  0.206888E-15  0.122030E-16  0.965084E-19  0.210051E-16  0.146165E-15  0.169787E-16  0.130769E-15  0.111979E-15  0.825915E-16  0.499763E-15  0.190811E-15  0.142574E-14  0.376281E-14  0.128669E-13  0.273550E-16  0.286727E-15
          38   139.688       3.86050      0.825285E-16  0.902902E-17  0.339036E-18  0.235549E-16  0.248857E-16  0.860653E-16  0.121409E-14  0.145369E-14  0.148149E-14  0.126438E-14  0.126339E-14  0.117779E-14  0.691481E-15  0.352386E-15  0.133834E-15  0.584971E-15  0.239215E-14  0.161051E-14  0.545002E-15  0.551859E-15  0.451648E-15  0.108664E-14  0.631100E-15  0.300567E-14  0.617940E-16  0.681389E-16  0.746060E-15  0.142538E-15  0.649858E-37  0.221902E-15  0.132730E-16  0.896439E-19  0.194820E-16  0.159100E-15  0.157580E-16  0.142424E-15  0.121377E-15  0.899262E-16  0.533078E-15  0.204128E-15  0.154307E-14  0.413852E-14  0.147004E-13  0.335235E-16  0.374156E-15
          39   147.340       4.06603      0.876356E-16  0.136515E-16  0.610182E-18  0.250943E-16  0.245530E-16  0.896805E-16  0.119140E-14  0.142882E-14  0.145481E-14  0.125024E-14  0.125571E-14  0.118107E-14  0.699301E-15  0.358797E-15  0.150917E-15  0.663765E-15  0.269029E-14  0.185075E-14  0.625039E-15  0.635695E-15  0.520983E-15  0.126842E-14  0.726028E-15  0.363455E-14  0.715787E-16  0.858935E-16  0.976192E-15  0.200243E-15  0.603445E-37  0.235879E-15  0.143529E-16  0.833684E-19  0.180907E-16  0.171503E-15  0.146428E-16  0.153612E-15  0.130504E-15  0.970237E-16  0.564351E-15  0.216678E-15  0.165406E-14  0.450639E-14  0.166031E-13  0.405261E-16  0.479814E-15
          40   155.197       4.26634      0.925847E-16  0.200299E-16  0.105313E-17  0.266044E-16  0.241690E-16  0.932106E-16  0.116702E-14  0.140146E-14  0.142558E-14  0.123265E-14  0.124386E-14  0.117927E-14  0.703589E-15  0.363204E-15  0.168579E-15  0.745755E-15  0.299518E-14  0.210460E-14  0.709216E-15  0.724114E-15  0.594099E-15  0.146429E-14  0.825473E-15  0.432805E-14  0.818812E-16  0.106485E-15  0.125472E-14  0.274943E-15  0.561595E-37  0.248802E-15  0.154406E-16  0.776570E-19  0.168254E-16  0.183310E-15  0.136284E-16  0.164273E-15  0.139296E-15  0.103835E-15  0.593549E-15  0.228452E-15  0.175820E-14  0.486421E-14  0.185642E-13  0.484029E-16  0.605826E-15
          41   163.257       4.46193      0.973856E-16  0.286118E-16  0.175052E-17  0.280885E-16  0.237498E-16  0.966601E-16  0.114165E-14  0.137257E-14  0.139489E-14  0.121276E-14  0.122900E-14  0.117344E-14  0.704935E-15  0.365899E-15  0.186773E-15  0.830708E-15  0.330557E-14  0.237141E-14  0.797285E-15  0.816786E-15  0.670696E-15  0.167408E-14  0.928952E-15  0.508474E-14  0.926598E-16  0.130074E-15  0.158734E-14  0.369887E-15  0.523146E-37  0.260723E-15  0.165374E-16  0.724518E-19  0.156735E-16  0.194508E-15  0.127047E-16  0.174393E-15  0.147725E-15  0.110338E-15  0.620786E-15  0.239500E-15  0.185549E-14  0.521114E-14  0.205774E-13  0.572030E-16  0.754498E-15
          42   171.521       4.65294      0.102040E-15  0.398983E-16  0.281296E-17  0.295474E-16  0.233033E-16  0.100032E-15  0.111562E-14  0.134259E-14  0.136316E-14  0.119102E-14  0.121163E-14  0.116419E-14  0.703737E-15  0.367090E-15  0.205429E-15  0.918288E-15  0.361990E-14  0.265014E-14  0.888886E-15  0.913259E-15  0.750377E-15  0.189736E-14  0.103586E-14  0.590179E-14  0.103862E-15  0.156774E-15  0.197957E-14  0.488561E-15  0.488229E-37  0.271669E-15  0.176428E-16  0.677199E-19  0.146275E-16  0.205070E-15  0.118655E-16  0.183946E-15  0.155755E-15  0.116509E-15  0.646106E-15  0.249844E-15  0.194579E-14  0.554597E-14  0.226344E-13  0.669671E-16  0.928105E-15
          43   179.990       4.83977      0.106554E-15  0.544431E-16  0.438422E-17  0.309835E-16  0.228378E-16  0.103332E-15  0.108927E-14  0.131195E-14  0.133084E-14  0.116792E-14  0.119231E-14  0.115216E-14  0.700396E-15  0.366991E-15  0.224492E-15  0.100823E-14  0.393696E-14  0.293988E-14  0.983720E-15  0.101314E-14  0.832786E-15  0.213375E-14  0.114568E-14  0.677621E-14  0.115447E-15  0.186681E-15  0.243698E-14  0.634708E-15  0.456525E-37  0.281696E-15  0.187579E-16  0.634188E-19  0.136778E-16  0.214992E-15  0.111033E-16  0.192928E-15  0.163371E-15  0.122334E-15  0.669610E-15  0.259526E-15  0.202920E-14  0.586813E-14  0.247293E-13  0.777386E-16  0.112902E-14
          44   188.662       5.02290      0.110940E-15  0.728467E-16  0.664663E-17  0.324000E-16  0.223598E-16  0.106571E-15  0.106285E-14  0.128101E-14  0.129831E-14  0.114390E-14  0.117154E-14  0.113788E-14  0.695268E-15  0.365792E-15  0.243913E-15  0.110027E-14  0.425569E-14  0.323976E-14  0.108150E-14  0.111603E-14  0.917584E-15  0.238284E-14  0.125790E-14  0.770468E-14  0.127377E-15  0.219863E-15  0.296508E-14  0.812299E-15  0.427727E-37  0.290866E-15  0.198840E-16  0.595074E-19  0.128151E-16  0.224280E-15  0.104106E-16  0.201341E-15  0.170561E-15  0.127808E-15  0.691406E-15  0.268590E-15  0.210588E-14  0.617730E-14  0.268568E-13  0.895608E-16  0.135967E-14
          45   197.539       5.20269      0.115204E-15  0.957515E-16  0.982653E-17  0.337993E-16  0.218752E-16  0.109754E-15  0.103659E-14  0.125008E-14  0.126590E-14  0.111933E-14  0.114972E-14  0.112183E-14  0.688669E-15  0.363663E-15  0.263639E-15  0.119416E-14  0.457502E-14  0.354877E-14  0.118191E-14  0.122153E-14  0.100441E-14  0.264415E-14  0.137203E-14  0.868336E-14  0.139616E-15  0.256358E-15  0.356924E-14  0.102550E-14  0.401510E-37  0.299232E-15  0.210220E-16  0.559506E-19  0.120315E-16  0.232937E-15  0.978110E-17  0.209188E-15  0.177318E-15  0.132926E-15  0.711585E-15  0.277075E-15  0.217597E-14  0.647314E-14  0.290116E-13  0.102475E-15  0.162251E-14
          46   206.620       5.37991      0.119364E-15  0.123835E-15  0.141981E-16  0.351862E-16  0.213870E-16  0.112897E-15  0.101057E-14  0.121930E-14  0.123371E-14  0.109438E-14  0.112712E-14  0.110437E-14  0.680847E-15  0.360757E-15  0.283643E-15  0.128975E-14  0.489446E-14  0.386624E-14  0.128477E-14  0.132936E-14  0.109301E-14  0.291737E-14  0.148770E-14  0.970890E-14  0.152141E-15  0.296194E-15  0.425486E-14  0.127869E-14  0.377673E-37  0.306882E-15  0.221746E-16  0.527048E-19  0.113174E-16  0.240998E-15  0.920712E-17  0.216499E-15  0.183656E-15  0.137701E-15  0.730303E-15  0.285044E-15  0.223990E-14  0.675616E-14  0.311919E-13  0.116529E-15  0.192012E-14
          47   215.904       5.55489      0.123425E-15  0.157802E-15  0.200890E-16  0.365630E-16  0.208990E-16  0.116006E-15  0.984935E-15  0.118884E-14  0.120196E-14  0.106932E-14  0.110402E-14  0.108583E-14  0.672037E-15  0.357200E-15  0.303878E-15  0.138678E-14  0.521315E-14  0.419117E-14  0.138977E-14  0.143913E-14  0.118305E-14  0.320195E-14  0.160448E-14  0.107771E-13  0.164924E-15  0.339356E-15  0.502697E-14  0.157636E-14  0.355938E-37  0.313869E-15  0.233431E-16  0.497415E-19  0.106661E-16  0.248474E-15  0.868344E-17  0.223282E-15  0.189574E-15  0.142133E-15  0.747645E-15  0.292530E-15  0.229787E-14  0.702628E-14  0.333934E-13  0.131765E-15  0.225504E-14
          48   225.393       5.72810      0.127399E-15  0.198376E-15  0.278833E-16  0.379326E-16  0.204137E-16  0.119090E-15  0.959764E-15  0.115884E-14  0.117075E-14  0.104431E-14  0.108064E-14  0.106648E-14  0.662433E-15  0.353105E-15  0.324305E-15  0.148505E-14  0.553045E-14  0.452267E-14  0.149666E-14  0.155050E-14  0.127424E-14  0.349740E-14  0.172198E-14  0.118840E-13  0.177941E-15  0.385811E-15  0.589048E-14  0.192316E-14  0.336081E-37  0.320254E-15  0.245289E-16  0.470308E-19  0.100712E-16  0.255386E-15  0.820476E-17  0.229557E-15  0.195080E-15  0.146231E-15  0.763713E-15  0.299573E-15  0.235016E-14  0.728372E-14  0.356134E-13  0.148223E-15  0.262987E-14
          49   235.086       5.90012      0.131298E-15  0.246308E-15  0.380273E-16  0.392991E-16  0.199331E-16  0.122158E-15  0.935101E-15  0.112938E-14  0.114017E-14  0.101947E-14  0.105714E-14  0.104653E-14  0.652174E-15  0.348558E-15  0.344897E-15  0.158442E-14  0.584601E-14  0.486005E-14  0.160526E-14  0.166322E-14  0.136636E-14  0.380334E-14  0.183991E-14  0.130260E-13  0.191179E-15  0.435523E-15  0.685036E-14  0.232394E-14  0.317684E-37  0.326109E-15  0.257346E-16  0.445416E-19  0.952571E-17  0.261765E-15  0.776554E-17  0.235349E-15  0.200189E-15  0.150010E-15  0.778625E-15  0.306220E-15  0.239715E-14  0.752902E-14  0.378505E-13  0.165955E-15  0.304736E-14
          50   244.983       6.07104      0.135123E-15  0.302309E-15  0.510201E-16  0.406622E-16  0.194589E-16  0.125213E-15  0.911001E-15  0.110052E-14  0.111027E-14  0.994896E-15  0.103365E-14  0.102619E-14  0.641446E-15  0.343660E-15  0.365594E-15  0.168458E-14  0.615889E-14  0.520202E-14  0.171520E-14  0.177685E-14  0.145903E-14  0.411891E-14  0.195780E-14  0.141979E-13  0.204602E-15  0.488374E-15  0.791033E-14  0.278327E-14  0.301024E-37  0.331465E-15  0.269598E-16  0.422598E-19  0.902626E-17  0.267617E-15  0.736317E-17  0.240665E-15  0.204902E-15  0.153469E-15  0.792420E-15  0.312485E-15  0.243898E-14  0.776197E-14  0.400997E-13  0.184985E-15  0.350984E-14
          51   255.083       6.24137      0.138885E-15  0.367128E-15  0.674309E-16  0.420257E-16  0.189921E-16  0.128262E-15  0.887480E-15  0.107229E-14  0.108108E-14  0.970671E-15  0.101027E-14  0.100559E-14  0.630342E-15  0.338474E-15  0.386372E-15  0.178540E-14  0.646887E-14  0.554790E-14  0.182629E-14  0.189115E-14  0.155206E-14  0.444371E-14  0.207541E-14  0.153962E-13  0.218200E-15  0.544284E-15  0.907476E-14  0.330610E-14  0.285707E-37  0.336386E-15  0.282069E-16  0.401591E-19  0.856710E-17  0.272975E-15  0.699303E-17  0.245534E-15  0.209236E-15  0.156627E-15  0.805204E-15  0.318408E-15  0.247601E-14  0.798318E-14  0.423604E-13  0.205363E-15  0.402009E-14
          52   265.388       6.41145      0.142591E-15  0.441484E-15  0.878889E-16  0.433914E-16  0.185335E-16  0.131309E-15  0.864548E-15  0.104472E-14  0.105264E-14  0.946846E-15  0.987097E-15  0.984862E-15  0.618960E-15  0.333060E-15  0.407196E-15  0.188668E-14  0.677551E-14  0.589683E-14  0.193831E-14  0.200585E-14  0.164521E-14  0.477714E-14  0.219245E-14  0.166168E-13  0.231954E-15  0.603138E-15  0.103474E-13  0.389728E-14  0.271595E-37  0.340919E-15  0.294771E-16  0.382210E-19  0.814404E-17  0.277861E-15  0.665176E-17  0.249974E-15  0.213206E-15  0.159493E-15  0.817051E-15  0.324017E-15  0.250852E-14  0.819301E-14  0.446305E-13  0.227128E-15  0.458072E-14
          53   275.897       6.58157      0.146248E-15  0.526079E-15  0.113084E-15  0.447611E-16  0.180837E-16  0.134358E-15  0.842211E-15  0.101783E-14  0.102494E-14  0.923463E-15  0.964188E-15  0.964106E-15  0.607384E-15  0.327469E-15  0.428032E-15  0.198825E-14  0.707844E-14  0.624793E-14  0.205103E-14  0.212068E-14  0.173825E-14  0.511861E-14  0.230866E-14  0.178558E-13  0.245847E-15  0.664802E-15  0.117317E-13  0.456164E-14  0.258563E-37  0.345110E-15  0.307717E-16  0.364287E-19  0.775336E-17  0.282298E-15  0.633640E-17  0.254007E-15  0.216823E-15  0.162082E-15  0.828028E-15  0.329337E-15  0.253677E-14  0.839182E-14  0.469083E-13  0.250317E-15  0.519435E-14
          54   286.611       6.75202      0.149862E-15  0.621571E-15  0.143763E-15  0.461364E-16  0.176426E-16  0.137412E-15  0.820453E-15  0.991595E-15  0.997969E-15  0.900491E-15  0.941529E-15  0.943344E-15  0.595665E-15  0.321739E-15  0.448844E-15  0.208991E-14  0.737732E-14  0.660030E-14  0.216419E-14  0.223535E-14  0.183096E-14  0.546740E-14  0.242376E-14  0.191088E-13  0.259855E-15  0.729105E-15  0.132302E-13  0.530383E-14  0.246901E-37  0.349005E-15  0.320916E-16  0.347665E-19  0.739149E-17  0.286311E-15  0.604411E-17  0.257657E-15  0.220107E-15  0.164407E-15  0.838205E-15  0.334391E-15  0.256106E-14  0.858008E-14  0.491917E-13  0.274963E-15  0.586337E-14
          55   297.528       6.92299      0.153436E-15  0.728630E-15  0.180735E-15  0.475185E-16  0.172116E-16  0.140470E-15  0.799300E-15  0.966075E-15  0.971766E-15  0.878073E-15  0.919300E-15  0.922776E-15  0.583899E-15  0.315920E-15  0.469604E-15  0.219151E-14  0.767184E-14  0.695327E-14  0.227762E-14  0.234969E-14  0.192318E-14  0.582309E-14  0.253759E-14  0.203734E-13  0.273974E-15  0.795934E-15  0.148465E-13  0.612886E-14  0.235696E-37  0.352630E-15  0.334381E-16  0.332237E-19  0.705612E-17  0.289913E-15  0.577303E-17  0.260932E-15  0.223062E-15  0.166474E-15  0.847618E-15  0.339193E-15  0.258155E-14  0.875793E-14  0.514795E-13  0.301114E-15  0.659070E-14
          56   308.649       7.09472      0.156975E-15  0.847844E-15  0.224857E-15  0.489086E-16  0.167902E-16  0.143533E-15  0.778727E-15  0.941234E-15  0.946297E-15  0.856159E-15  0.897458E-15  0.902388E-15  0.572117E-15  0.310038E-15  0.490278E-15  0.229288E-14  0.796171E-14  0.730600E-14  0.239109E-14  0.246345E-14  0.201472E-14  0.618496E-14  0.264990E-14  0.216452E-13  0.288181E-15  0.865099E-15  0.165824E-13  0.704122E-14  0.225279E-37  0.356026E-15  0.348118E-16  0.317875E-19  0.674437E-17  0.293128E-15  0.552087E-17  0.263857E-15  0.225706E-15  0.168299E-15  0.856328E-15  0.343764E-15  0.259851E-14  0.892583E-14  0.537698E-13  0.328801E-15  0.737871E-14
          57   319.974       7.26739      0.160482E-15  0.979772E-15  0.277033E-15  0.503077E-16  0.163785E-16  0.146601E-15  0.758724E-15  0.917064E-15  0.921549E-15  0.834756E-15  0.876026E-15  0.882227E-15  0.560360E-15  0.304120E-15  0.510837E-15  0.239385E-14  0.824668E-14  0.765770E-14  0.250440E-14  0.257641E-14  0.210540E-14  0.655238E-14  0.276052E-14  0.229211E-13  0.302457E-15  0.936422E-15  0.184400E-13  0.804542E-14  0.215577E-37  0.359224E-15  0.362138E-16  0.304479E-19  0.645397E-17  0.295976E-15  0.528582E-17  0.266448E-15  0.228054E-15  0.169893E-15  0.864380E-15  0.348117E-15  0.261216E-14  0.908415E-14  0.560612E-13  0.358057E-15  0.822988E-14
          58   331.503       7.44117      0.163962E-15  0.112493E-14  0.338214E-15  0.517165E-16  0.159767E-16  0.149671E-15  0.739280E-15  0.893553E-15  0.897509E-15  0.813868E-15  0.855020E-15  0.862329E-15  0.548663E-15  0.298190E-15  0.531251E-15  0.249426E-14  0.852652E-14  0.800767E-14  0.261735E-14  0.268838E-14  0.219507E-14  0.692474E-14  0.286927E-14  0.241976E-13  0.316786E-15  0.100972E-14  0.204208E-13  0.914588E-14  0.206520E-37  0.362254E-15  0.376446E-16  0.291957E-19  0.618290E-17  0.298476E-15  0.506627E-17  0.268724E-15  0.230117E-15  0.171268E-15  0.871816E-15  0.352266E-15  0.262270E-14  0.923321E-14  0.583523E-13  0.388915E-15  0.914668E-14
          59   343.237       7.61621      0.167416E-15  0.128377E-14  0.409384E-15  0.531357E-16  0.155846E-16  0.152743E-15  0.720382E-15  0.870691E-15  0.874159E-15  0.793495E-15  0.834454E-15  0.842726E-15  0.537055E-15  0.292267E-15  0.551492E-15  0.259398E-14  0.880101E-14  0.835522E-14  0.272976E-14  0.279919E-14  0.228359E-14  0.730144E-14  0.297600E-14  0.254719E-13  0.331149E-15  0.108481E-14  0.225261E-13  0.103468E-13  0.198049E-37  0.365142E-15  0.391051E-16  0.280230E-19  0.592938E-17  0.300646E-15  0.486080E-17  0.270699E-15  0.231909E-15  0.172434E-15  0.878673E-15  0.356222E-15  0.263035E-14  0.937336E-14  0.606415E-13  0.421410E-15  0.101315E-13
          60   355.174       7.79268      0.170850E-15  0.145672E-14  0.491574E-15  0.545665E-16  0.152030E-16  0.155813E-15  0.702045E-15  0.848507E-15  0.851524E-15  0.773701E-15  0.814408E-15  0.823542E-15  0.525617E-15  0.286385E-15  0.571539E-15  0.269287E-14  0.907006E-14  0.869977E-14  0.284147E-14  0.290869E-14  0.237085E-14  0.768191E-14  0.308060E-14  0.267412E-13  0.345531E-15  0.116152E-14  0.247570E-13  0.116525E-13  0.190173E-37  0.367917E-15  0.405963E-16  0.269206E-19  0.569138E-17  0.302504E-15  0.466777E-17  0.272392E-15  0.233444E-15  0.173405E-15  0.884992E-15  0.359999E-15  0.263529E-14  0.950499E-14  0.629281E-13  0.455575E-15  0.111868E-13
          61   367.316       7.97059      0.174261E-15  0.164411E-14  0.585803E-15  0.560080E-16  0.148302E-16  0.158878E-15  0.684198E-15  0.826898E-15  0.829504E-15  0.754345E-15  0.794735E-15  0.804586E-15  0.514253E-15  0.280523E-15  0.591357E-15  0.279076E-14  0.933334E-14  0.904057E-14  0.295226E-14  0.301669E-14  0.245671E-14  0.806546E-14  0.318291E-14  0.280025E-13  0.359910E-15  0.123962E-14  0.271135E-13  0.130665E-13  0.182721E-37  0.370594E-15  0.421178E-16  0.258866E-19  0.546843E-17  0.304063E-15  0.448683E-17  0.273814E-15  0.234731E-15  0.174187E-15  0.890792E-15  0.363599E-15  0.263768E-14  0.962827E-14  0.652097E-13  0.491432E-15  0.123146E-13
          62   379.661       8.15009      0.177655E-15  0.184625E-14  0.693145E-15  0.574612E-16  0.144668E-16  0.161935E-15  0.666856E-15  0.805895E-15  0.808124E-15  0.735491E-15  0.775515E-15  0.785983E-15  0.503039E-15  0.274712E-15  0.610929E-15  0.288754E-14  0.959079E-14  0.937712E-14  0.306201E-14  0.312308E-14  0.254108E-14  0.845156E-14  0.328283E-14  0.292534E-13  0.374270E-15  0.131896E-14  0.295962E-13  0.145926E-13  0.175713E-37  0.373198E-15  0.436708E-16  0.249131E-19  0.525879E-17  0.305342E-15  0.431657E-17  0.274980E-15  0.235785E-15  0.174792E-15  0.896108E-15  0.367033E-15  0.263770E-14  0.974359E-14  0.674856E-13  0.529016E-15  0.135173E-13
          63   392.211       8.33128      0.181031E-15  0.206339E-14  0.814674E-15  0.589262E-16  0.141127E-16  0.164980E-15  0.650007E-15  0.785483E-15  0.787366E-15  0.717133E-15  0.756750E-15  0.767742E-15  0.491990E-15  0.268962E-15  0.630231E-15  0.298311E-14  0.984229E-14  0.970890E-14  0.317057E-14  0.322773E-14  0.262387E-14  0.883967E-14  0.338029E-14  0.304917E-13  0.388592E-15  0.139934E-14  0.322049E-13  0.162345E-13  0.169113E-37  0.375747E-15  0.452555E-16  0.239951E-19  0.506133E-17  0.306354E-15  0.415611E-17  0.275906E-15  0.236617E-15  0.175230E-15  0.900968E-15  0.370307E-15  0.263550E-14  0.985125E-14  0.697546E-13  0.568354E-15  0.147971E-13
          64   404.965       8.51423      0.184393E-15  0.229573E-14  0.951471E-15  0.604033E-16  0.137678E-16  0.168009E-15  0.633637E-15  0.765647E-15  0.767212E-15  0.699261E-15  0.738436E-15  0.749872E-15  0.481117E-15  0.263282E-15  0.649245E-15  0.307735E-14  0.100877E-13  0.100354E-13  0.327780E-14  0.333054E-14  0.270500E-14  0.922923E-14  0.347520E-14  0.317153E-13  0.402860E-15  0.148058E-14  0.349394E-13  0.179954E-13  0.162887E-37  0.378261E-15  0.468727E-16  0.231280E-19  0.487505E-17  0.307115E-15  0.400465E-17  0.276604E-15  0.237237E-15  0.175510E-15  0.905395E-15  0.373429E-15  0.263123E-14  0.995153E-14  0.720154E-13  0.609474E-15  0.161560E-13
          65   417.922       8.69910      0.187743E-15  0.254348E-14  0.110466E-14  0.618935E-16  0.134307E-16  0.171020E-15  0.617674E-15  0.746293E-15  0.747556E-15  0.681776E-15  0.720483E-15  0.732282E-15  0.470383E-15  0.257668E-15  0.667962E-15  0.317021E-14  0.103271E-13  0.103564E-13  0.338364E-14  0.343147E-14  0.278446E-14  0.961994E-14  0.356755E-14  0.329230E-13  0.417066E-15  0.156256E-14  0.378000E-13  0.198791E-13  0.156290E-37  0.380759E-15  0.485234E-16  0.223081E-19  0.469909E-17  0.307638E-15  0.386149E-17  0.277086E-15  0.237658E-15  0.175642E-15  0.909418E-15  0.376404E-15  0.262504E-14  0.100448E-13  0.742681E-13  0.652420E-15  0.175966E-13
          66   431.084       8.88577      0.191079E-15  0.280659E-14  0.127524E-14  0.633949E-16  0.131037E-16  0.174005E-15  0.602225E-15  0.727570E-15  0.728566E-15  0.664858E-15  0.703067E-15  0.715175E-15  0.459890E-15  0.252148E-15  0.686345E-15  0.326150E-14  0.105602E-13  0.106712E-13  0.348784E-14  0.353032E-14  0.286209E-14  0.100109E-13  0.365718E-14  0.341115E-13  0.431172E-15  0.164501E-14  0.407838E-13  0.218874E-13  0.150751E-37  0.383248E-15  0.502066E-16  0.215312E-19  0.453258E-17  0.307936E-15  0.372593E-17  0.277365E-15  0.237890E-15  0.175633E-15  0.913048E-15  0.379233E-15  0.261706E-14  0.101311E-13  0.765096E-13  0.697184E-15  0.191199E-13
          67   444.450       9.07438      0.194403E-15  0.308518E-14  0.146431E-14  0.649084E-16  0.127853E-16  0.176962E-15  0.587217E-15  0.709378E-15  0.710129E-15  0.648399E-15  0.686089E-15  0.698448E-15  0.449595E-15  0.246715E-15  0.704389E-15  0.335119E-14  0.107869E-13  0.109794E-13  0.359038E-14  0.362707E-14  0.293789E-14  0.104018E-13  0.374411E-14  0.352799E-13  0.445171E-15  0.172783E-14  0.438907E-13  0.240235E-13  0.145502E-37  0.385747E-15  0.519233E-16  0.207943E-19  0.437484E-17  0.308022E-15  0.359743E-17  0.277452E-15  0.237943E-15  0.175493E-15  0.916309E-15  0.381922E-15  0.260742E-14  0.102109E-13  0.787399E-13  0.743806E-15  0.207282E-13
          68   458.020       9.26498      0.197717E-15  0.337924E-14  0.167293E-14  0.664340E-16  0.124755E-16  0.179886E-15  0.572636E-15  0.691703E-15  0.692230E-15  0.632388E-15  0.669543E-15  0.682103E-15  0.439501E-15  0.241374E-15  0.722080E-15  0.343920E-14  0.110074E-13  0.112809E-13  0.369114E-14  0.372165E-14  0.301183E-14  0.107923E-13  0.382828E-14  0.364268E-13  0.459046E-15  0.181084E-14  0.471194E-13  0.262899E-13  0.140524E-37  0.388267E-15  0.536741E-16  0.200946E-19  0.422521E-17  0.307908E-15  0.347547E-17  0.277357E-15  0.237826E-15  0.175229E-15  0.919220E-15  0.384475E-15  0.259623E-14  0.102845E-13  0.809580E-13  0.792311E-15  0.224233E-13
          69   471.794       9.45762      0.201021E-15  0.368873E-14  0.190213E-14  0.679715E-16  0.121739E-16  0.182775E-15  0.558470E-15  0.674531E-15  0.674852E-15  0.616817E-15  0.653422E-15  0.666139E-15  0.429613E-15  0.236128E-15  0.739405E-15  0.352547E-14  0.112215E-13  0.115753E-13  0.379004E-14  0.381403E-14  0.308388E-14  0.111818E-13  0.390969E-14  0.375509E-13  0.472783E-15  0.189391E-14  0.504684E-13  0.286890E-13  0.135797E-37  0.390822E-15  0.554593E-16  0.194295E-19  0.408311E-17  0.307605E-15  0.335959E-17  0.277092E-15  0.237550E-15  0.174848E-15  0.921798E-15  0.386895E-15  0.258361E-14  0.103519E-13  0.831631E-13  0.842722E-15  0.242071E-13
          70   485.772       9.65232      0.204317E-15  0.401356E-14  0.215291E-14  0.695208E-16  0.118804E-16  0.185624E-15  0.544707E-15  0.657848E-15  0.657981E-15  0.601675E-15  0.637720E-15  0.650552E-15  0.419931E-15  0.230979E-15  0.756354E-15  0.360993E-14  0.114292E-13  0.118624E-13  0.388701E-14  0.390414E-14  0.315401E-14  0.115700E-13  0.398832E-14  0.386512E-13  0.486365E-15  0.197689E-14  0.539359E-13  0.312229E-13  0.131302E-37  0.393423E-15  0.572792E-16  0.187964E-19  0.394800E-17  0.307124E-15  0.324935E-17  0.276667E-15  0.237123E-15  0.174359E-15  0.924059E-15  0.389184E-15  0.256966E-14  0.104136E-13  0.853543E-13  0.895060E-15  0.260811E-13
          71   499.954       9.84888      0.207600E-15  0.435344E-14  0.242616E-14  0.710799E-16  0.115951E-16  0.188425E-15  0.531363E-15  0.641667E-15  0.641641E-15  0.586966E-15  0.622424E-15  0.635308E-15  0.410435E-15  0.225916E-15  0.772893E-15  0.369241E-14  0.116302E-13  0.121415E-13  0.398184E-14  0.399183E-14  0.322210E-14  0.119560E-13  0.406403E-14  0.397249E-13  0.499761E-15  0.205957E-14  0.575177E-13  0.338920E-13  0.127161E-37  0.396074E-15  0.591326E-16  0.181975E-19  0.382029E-17  0.306471E-15  0.314510E-17  0.276085E-15  0.236552E-15  0.173765E-15  0.925999E-15  0.391336E-15  0.255445E-14  0.104694E-13  0.875281E-13  0.949307E-15  0.280457E-13
          72   514.340       10.0478      0.210881E-15  0.470857E-14  0.272302E-14  0.726524E-16  0.113172E-16  0.191184E-15  0.518372E-15  0.625920E-15  0.625735E-15  0.572649E-15  0.607536E-15  0.620469E-15  0.401170E-15  0.220967E-15  0.789064E-15  0.377311E-14  0.118251E-13  0.124134E-13  0.407475E-14  0.407732E-14  0.328835E-14  0.123404E-13  0.413708E-14  0.407744E-13  0.512990E-15  0.214199E-14  0.612167E-13  0.367010E-13  0.123079E-37  0.398798E-15  0.610232E-16  0.176219E-19  0.369771E-17  0.305666E-15  0.304497E-17  0.275366E-15  0.235851E-15  0.173078E-15  0.927673E-15  0.393373E-15  0.253814E-14  0.105201E-13  0.896893E-13  0.100556E-14  0.301048E-13
          73   528.930       10.2490      0.214155E-15  0.507858E-14  0.304430E-14  0.742360E-16  0.110468E-16  0.193893E-15  0.505750E-15  0.610621E-15  0.610291E-15  0.558731E-15  0.593041E-15  0.605996E-15  0.392113E-15  0.216120E-15  0.804834E-15  0.385186E-14  0.120137E-13  0.126773E-13  0.416554E-14  0.416048E-14  0.335266E-14  0.127224E-13  0.420733E-14  0.417974E-13  0.526023E-15  0.222395E-14  0.650284E-13  0.396499E-13  0.119187E-37  0.401597E-15  0.629498E-16  0.170725E-19  0.358080E-17  0.304712E-15  0.294943E-17  0.274514E-15  0.235024E-15  0.172302E-15  0.929073E-15  0.395286E-15  0.252080E-14  0.105657E-13  0.918344E-13  0.106380E-14  0.322587E-13
          74   543.725       10.4523      0.217424E-15  0.546326E-14  0.339088E-14  0.758306E-16  0.107838E-16  0.196549E-15  0.493486E-15  0.595758E-15  0.595296E-15  0.545200E-15  0.578932E-15  0.591884E-15  0.383262E-15  0.211374E-15  0.820197E-15  0.392863E-14  0.121959E-13  0.129332E-13  0.425416E-14  0.424127E-14  0.341503E-14  0.131017E-13  0.427481E-14  0.427932E-13  0.538846E-15  0.230534E-14  0.689505E-13  0.427401E-13  0.115471E-37  0.404480E-15  0.649125E-16  0.165476E-19  0.346920E-17  0.303620E-15  0.285819E-17  0.273536E-15  0.234079E-15  0.171443E-15  0.930213E-15  0.397078E-15  0.250249E-14  0.106064E-13  0.939628E-13  0.112405E-14  0.345086E-13
          75   558.723       10.6578      0.220687E-15  0.586237E-14  0.376362E-14  0.774360E-16  0.105279E-16  0.199148E-15  0.481572E-15  0.581318E-15  0.580736E-15  0.532046E-15  0.565200E-15  0.578127E-15  0.374617E-15  0.206730E-15  0.835148E-15  0.400340E-14  0.123718E-13  0.131810E-13  0.434059E-14  0.431970E-14  0.347546E-14  0.134779E-13  0.433953E-14  0.437613E-13  0.551448E-15  0.238607E-14  0.729808E-13  0.459728E-13  0.111921E-37  0.407455E-15  0.669119E-16  0.160457E-19  0.336258E-17  0.302398E-15  0.277098E-17  0.272440E-15  0.233025E-15  0.170507E-15  0.931104E-15  0.398749E-15  0.248331E-14  0.106423E-13  0.960738E-13  0.118633E-14  0.368559E-13
          76   573.925       10.8656      0.223946E-15  0.627564E-14  0.416330E-14  0.790518E-16  0.102790E-16  0.201690E-15  0.469995E-15  0.567289E-15  0.566597E-15  0.519260E-15  0.551836E-15  0.564718E-15  0.366173E-15  0.202187E-15  0.849685E-15  0.407613E-14  0.125415E-13  0.134207E-13  0.442478E-14  0.439575E-14  0.353397E-14  0.138508E-13  0.440151E-14  0.447012E-13  0.563818E-15  0.246603E-14  0.771167E-13  0.493491E-13  0.108527E-37  0.410529E-15  0.689483E-16  0.155653E-19  0.326062E-17  0.301053E-15  0.268754E-17  0.271235E-15  0.231867E-15  0.169498E-15  0.931759E-15  0.400303E-15  0.246332E-14  0.106737E-13  0.981671E-13  0.125064E-14  0.393018E-13
          77   589.332       11.0757      0.227204E-15  0.670287E-14  0.459076E-14  0.806788E-16  0.100371E-16  0.204171E-15  0.458754E-15  0.553670E-15  0.552880E-15  0.506847E-15  0.538850E-15  0.551675E-15  0.357940E-15  0.197746E-15  0.863812E-15  0.414686E-14  0.127050E-13  0.136521E-13  0.450676E-14  0.446947E-14  0.359060E-14  0.142203E-13  0.446080E-14  0.456130E-13  0.575949E-15  0.254517E-14  0.813569E-13  0.528704E-13  0.105489E-37  0.413714E-15  0.710229E-16  0.151036E-19  0.316271E-17  0.299596E-15  0.260738E-17  0.269928E-15  0.230615E-15  0.168424E-15  0.932194E-15  0.401744E-15  0.244262E-14  0.107008E-13  0.100243E-12  0.131702E-14  0.418478E-13
          78   604.942       11.2880      0.230456E-15  0.714359E-14  0.504657E-14  0.823147E-16  0.980159E-17  0.206589E-15  0.447823E-15  0.540426E-15  0.539546E-15  0.494764E-15  0.526196E-15  0.538942E-15  0.349895E-15  0.193404E-15  0.877511E-15  0.421549E-14  0.128621E-13  0.138752E-13  0.458641E-14  0.454079E-14  0.364530E-14  0.145858E-13  0.451738E-14  0.464955E-13  0.587824E-15  0.262334E-14  0.856967E-13  0.565360E-13  0.102372E-37  0.417008E-15  0.731343E-16  0.146628E-19  0.306929E-17  0.298030E-15  0.253087E-17  0.268523E-15  0.229271E-15  0.167287E-15  0.932408E-15  0.403066E-15  0.242123E-14  0.107236E-13  0.102299E-12  0.138546E-14  0.444939E-13
          79   620.757       11.5026      0.233705E-15  0.759757E-14  0.553149E-14  0.839603E-16  0.957250E-17  0.208941E-15  0.437202E-15  0.527558E-15  0.526596E-15  0.483020E-15  0.513883E-15  0.526539E-15  0.342044E-15  0.189161E-15  0.890789E-15  0.428204E-14  0.130132E-13  0.140900E-13  0.466377E-14  0.460976E-14  0.369814E-14  0.149473E-13  0.457130E-14  0.473491E-13  0.599438E-15  0.270052E-14  0.901347E-13  0.603472E-13  0.993844E-38  0.420422E-15  0.752837E-16  0.142400E-19  0.297976E-17  0.296365E-15  0.245751E-17  0.267029E-15  0.227844E-15  0.166092E-15  0.932417E-15  0.404276E-15  0.239925E-14  0.107425E-13  0.104336E-12  0.145598E-14  0.472416E-13
          80   636.775       11.7196      0.236952E-15  0.806448E-14  0.604614E-14  0.856152E-16  0.934967E-17  0.211227E-15  0.426880E-15  0.515055E-15  0.514018E-15  0.471604E-15  0.501904E-15  0.514457E-15  0.334385E-15  0.185016E-15  0.903647E-15  0.434653E-14  0.131582E-13  0.142965E-13  0.473883E-14  0.467639E-14  0.374914E-14  0.153045E-13  0.462262E-14  0.481736E-13  0.610784E-15  0.277663E-14  0.946681E-13  0.643043E-13  0.965196E-38  0.423962E-15  0.774716E-16  0.138342E-19  0.289389E-17  0.294607E-15  0.238713E-17  0.265451E-15  0.226340E-15  0.164846E-15  0.932232E-15  0.405374E-15  0.237672E-14  0.107575E-13  0.106353E-12  0.152859E-14  0.500916E-13
          81   652.998       11.9389      0.240198E-15  0.854398E-14  0.659111E-14  0.872793E-16  0.913291E-17  0.213445E-15  0.416849E-15  0.502905E-15  0.501801E-15  0.460506E-15  0.490250E-15  0.502690E-15  0.326914E-15  0.180968E-15  0.916085E-15  0.440894E-14  0.132972E-13  0.144948E-13  0.481159E-14  0.474070E-14  0.379832E-14  0.156573E-13  0.467135E-14  0.489690E-13  0.621855E-15  0.285161E-14  0.992943E-13  0.684077E-13  0.937702E-38  0.427634E-15  0.796983E-16  0.134445E-19  0.281149E-17  0.292763E-15  0.231957E-17  0.263796E-15  0.224763E-15  0.163551E-15  0.931862E-15  0.406363E-15  0.235371E-14  0.107689E-13  0.108350E-12  0.160332E-14  0.530449E-13
          82   669.425       12.1605      0.243442E-15  0.903570E-14  0.716695E-14  0.889521E-16  0.892208E-17  0.215593E-15  0.407100E-15  0.491098E-15  0.489934E-15  0.449719E-15  0.478912E-15  0.491230E-15  0.319628E-15  0.177015E-15  0.928103E-15  0.446927E-14  0.134302E-13  0.146848E-13  0.488203E-14  0.480271E-14  0.384571E-14  0.160055E-13  0.471755E-14  0.497352E-13  0.632644E-15  0.292541E-14  0.104011E-12  0.726573E-13  0.911301E-38  0.431442E-15  0.819642E-16  0.130701E-19  0.273235E-17  0.290839E-15  0.225466E-17  0.262069E-15  0.223120E-15  0.162211E-15  0.931316E-15  0.407243E-15  0.233027E-14  0.107769E-13  0.110328E-12  0.168015E-14  0.561021E-13
          83   686.056       12.3844      0.246686E-15  0.953919E-14  0.777409E-14  0.906331E-16  0.871708E-17  0.217669E-15  0.397630E-15  0.479627E-15  0.478405E-15  0.439233E-15  0.467884E-15  0.480078E-15  0.312527E-15  0.173158E-15  0.939695E-15  0.452750E-14  0.135573E-13  0.148665E-13  0.495012E-14  0.486240E-14  0.389132E-14  0.163487E-13  0.476122E-14  0.504719E-13  0.643142E-15  0.299794E-14  0.108813E-12  0.770525E-13  0.884341E-38  0.435392E-15  0.842691E-16  0.127112E-19  0.265654E-17  0.288840E-15  0.219246E-17  0.260274E-15  0.221416E-15  0.160831E-15  0.930598E-15  0.408013E-15  0.230644E-14  0.107814E-13  0.112283E-12  0.175910E-14  0.592633E-13
          84   702.890       12.6109      0.249930E-15  0.100543E-13  0.841312E-14  0.923227E-16  0.851759E-17  0.219675E-15  0.388420E-15  0.468475E-15  0.467205E-15  0.429039E-15  0.457153E-15  0.469210E-15  0.305600E-15  0.169391E-15  0.950880E-15  0.458372E-14  0.136788E-13  0.150402E-13  0.501596E-14  0.491990E-14  0.393524E-14  0.166873E-13  0.480249E-14  0.511802E-13  0.653353E-15  0.306924E-14  0.113702E-12  0.815946E-13  0.859993E-38  0.439490E-15  0.866144E-16  0.123648E-19  0.258343E-17  0.286774E-15  0.213244E-17  0.258419E-15  0.219656E-15  0.159415E-15  0.929726E-15  0.408682E-15  0.228228E-14  0.107827E-13  0.114219E-12  0.184019E-14  0.625301E-13
          85   719.929       12.8397      0.253176E-15  0.105805E-13  0.908440E-14  0.940202E-16  0.832352E-17  0.221610E-15  0.379466E-15  0.457636E-15  0.456323E-15  0.419128E-15  0.446713E-15  0.458628E-15  0.298846E-15  0.165715E-15  0.961654E-15  0.463789E-14  0.137945E-13  0.152060E-13  0.507951E-14  0.497517E-14  0.397747E-14  0.170208E-13  0.484136E-14  0.518597E-13  0.663267E-15  0.313923E-14  0.118673E-12  0.862825E-13  0.836572E-38  0.443739E-15  0.890001E-16  0.120314E-19  0.251309E-17  0.284645E-15  0.207470E-17  0.256507E-15  0.217844E-15  0.157965E-15  0.928703E-15  0.409246E-15  0.225783E-14  0.107811E-13  0.116135E-12  0.192343E-14  0.659024E-13
          86   737.172       13.0709      0.256422E-15  0.111176E-13  0.978829E-14  0.957254E-16  0.813472E-17  0.223471E-15  0.370762E-15  0.447100E-15  0.445750E-15  0.409493E-15  0.436556E-15  0.448325E-15  0.292263E-15  0.162128E-15  0.972017E-15  0.469003E-14  0.139047E-13  0.153637E-13  0.514079E-14  0.502825E-14  0.401805E-14  0.173492E-13  0.487789E-14  0.525107E-13  0.672882E-15  0.320788E-14  0.123722E-12  0.911159E-13  0.814030E-38  0.448145E-15  0.914265E-16  0.117103E-19  0.244540E-17  0.282458E-15  0.201910E-17  0.254544E-15  0.215986E-15  0.156486E-15  0.927538E-15  0.409710E-15  0.223314E-14  0.107765E-13  0.118029E-12  0.200881E-14  0.693807E-13
          87   754.619       13.3046      0.259671E-15  0.116650E-13  0.105252E-13  0.974379E-16  0.795105E-17  0.225259E-15  0.362300E-15  0.436858E-15  0.435474E-15  0.400124E-15  0.426673E-15  0.438292E-15  0.285846E-15  0.158628E-15  0.981975E-15  0.474015E-14  0.140093E-13  0.155136E-13  0.519980E-14  0.507917E-14  0.405702E-14  0.176723E-13  0.491212E-14  0.531334E-13  0.682194E-15  0.327515E-14  0.128849E-12  0.960944E-13  0.792324E-38  0.452711E-15  0.938939E-16  0.114009E-19  0.238021E-17  0.280218E-15  0.196554E-17  0.252533E-15  0.214084E-15  0.154980E-15  0.926237E-15  0.410072E-15  0.220823E-14  0.107691E-13  0.119902E-12  0.209634E-14  0.729652E-13
          88   772.270       13.5408      0.262923E-15  0.122224E-13  0.112953E-13  0.991575E-16  0.777235E-17  0.226974E-15  0.354072E-15  0.426900E-15  0.425488E-15  0.391014E-15  0.417058E-15  0.428524E-15  0.279591E-15  0.155213E-15  0.991531E-15  0.478828E-14  0.141085E-13  0.156558E-13  0.525656E-14  0.512797E-14  0.409441E-14  0.179901E-13  0.494410E-14  0.537280E-13  0.691203E-15  0.334104E-14  0.134049E-12  0.101217E-12  0.771412E-38  0.457443E-15  0.964029E-16  0.111027E-19  0.231741E-17  0.277930E-15  0.191394E-17  0.250478E-15  0.212144E-15  0.153450E-15  0.924808E-15  0.410337E-15  0.218316E-14  0.107591E-13  0.121754E-12  0.218601E-14  0.766563E-13
          89   790.126       13.7794      0.266177E-15  0.127892E-13  0.120987E-13  0.100883E-15  0.759849E-17  0.228613E-15  0.346071E-15  0.417221E-15  0.415783E-15  0.382155E-15  0.407698E-15  0.419002E-15  0.273490E-15  0.151881E-15  0.100068E-14  0.483437E-14  0.142023E-13  0.157901E-13  0.531105E-14  0.517463E-14  0.413022E-14  0.183022E-13  0.497384E-14  0.542942E-13  0.699896E-15  0.340544E-14  0.139319E-12  0.106483E-12  0.753867E-38  0.462345E-15  0.989530E-16  0.108154E-19  0.225693E-17  0.275601E-15  0.186422E-17  0.248386E-15  0.210171E-15  0.151901E-15  0.923260E-15  0.410504E-15  0.215797E-14  0.107466E-13  0.123584E-12  0.227781E-14  0.804529E-13
          90   808.185       14.0205      0.269436E-15  0.133656E-13  0.129361E-13  0.102616E-15  0.742931E-17  0.230180E-15  0.338291E-15  0.407808E-15  0.406348E-15  0.373540E-15  0.398595E-15  0.409742E-15  0.267549E-15  0.148631E-15  0.100945E-14  0.487857E-14  0.142909E-13  0.159171E-13  0.536339E-14  0.521929E-14  0.416458E-14  0.186091E-13  0.500149E-14  0.548339E-13  0.708292E-15  0.346848E-14  0.144659E-12  0.111892E-12  0.734363E-38  0.467417E-15  0.101546E-15  0.105380E-19  0.219856E-17  0.273229E-15  0.181622E-17  0.246257E-15  0.208165E-15  0.150332E-15  0.921596E-15  0.410577E-15  0.213265E-14  0.107316E-13  0.125393E-12  0.237179E-14  0.843575E-13
          91   826.448       14.2642      0.272699E-15  0.139508E-13  0.138073E-13  0.104356E-15  0.726468E-17  0.231674E-15  0.330724E-15  0.398654E-15  0.397175E-15  0.365161E-15  0.389737E-15  0.400725E-15  0.261758E-15  0.145462E-15  0.101782E-14  0.492083E-14  0.143744E-13  0.160367E-13  0.541355E-14  0.526193E-14  0.419747E-14  0.189104E-13  0.502705E-14  0.553466E-13  0.716381E-15  0.353007E-14  0.150066E-12  0.117444E-12  0.715546E-38  0.472666E-15  0.104182E-15  0.102702E-19  0.214224E-17  0.270822E-15  0.176991E-17  0.244095E-15  0.206132E-15  0.148746E-15  0.919824E-15  0.410557E-15  0.210726E-14  0.107143E-13  0.127181E-12  0.246793E-14  0.883689E-13
          92   844.915       14.5104      0.275968E-15  0.145446E-13  0.147127E-13  0.106101E-15  0.710447E-17  0.233094E-15  0.323364E-15  0.389751E-15  0.388257E-15  0.357012E-15  0.381117E-15  0.391945E-15  0.256114E-15  0.142370E-15  0.102582E-14  0.496118E-14  0.144528E-13  0.161491E-13  0.546156E-14  0.530260E-14  0.422895E-14  0.192062E-13  0.505058E-14  0.558328E-13  0.724163E-15  0.359021E-14  0.155535E-12  0.123137E-12  0.697385E-38  0.478095E-15  0.106861E-15  0.100116E-19  0.208788E-17  0.268382E-15  0.172519E-17  0.241904E-15  0.204074E-15  0.147148E-15  0.917951E-15  0.410446E-15  0.208182E-14  0.106949E-13  0.128948E-12  0.256620E-14  0.924872E-13
          93   863.587       14.7592      0.279242E-15  0.151465E-13  0.156521E-13  0.107852E-15  0.694855E-17  0.234441E-15  0.316204E-15  0.381092E-15  0.379586E-15  0.349084E-15  0.372727E-15  0.383395E-15  0.250613E-15  0.139355E-15  0.103344E-14  0.499964E-14  0.145263E-13  0.162544E-13  0.550744E-14  0.534132E-14  0.425904E-14  0.194964E-13  0.507213E-14  0.562928E-13  0.731639E-15  0.364889E-14  0.161066E-12  0.128970E-12  0.679849E-38  0.483707E-15  0.109583E-15  0.976177E-20  0.203539E-17  0.265915E-15  0.168200E-17  0.239688E-15  0.201994E-15  0.145538E-15  0.915983E-15  0.410246E-15  0.205636E-14  0.106734E-13  0.130694E-12  0.266663E-14  0.967123E-13
          94   882.462       15.0105      0.282523E-15  0.157562E-13  0.166259E-13  0.109608E-15  0.679679E-17  0.235716E-15  0.309239E-15  0.372669E-15  0.371153E-15  0.341373E-15  0.364562E-15  0.375069E-15  0.245252E-15  0.136414E-15  0.104068E-14  0.503625E-14  0.145949E-13  0.163526E-13  0.555123E-14  0.537815E-14  0.428779E-14  0.197808E-13  0.509174E-14  0.567271E-13  0.738809E-15  0.370611E-14  0.166655E-12  0.134942E-12  0.662911E-38  0.489506E-15  0.112350E-15  0.952038E-20  0.198470E-17  0.263422E-15  0.164028E-17  0.237450E-15  0.199897E-15  0.143918E-15  0.913925E-15  0.409958E-15  0.203090E-14  0.106498E-13  0.132418E-12  0.276918E-14  0.101044E-12
          95   901.542       15.2645      0.285813E-15  0.163734E-13  0.176339E-13  0.111370E-15  0.664910E-17  0.236918E-15  0.302462E-15  0.364478E-15  0.362955E-15  0.333871E-15  0.356620E-15  0.366968E-15  0.240028E-15  0.133547E-15  0.104756E-14  0.507104E-14  0.146589E-13  0.164441E-13  0.559295E-14  0.541312E-14  0.431524E-14  0.200597E-13  0.510950E-14  0.571362E-13  0.745675E-15  0.376186E-14  0.172299E-12  0.141052E-12  0.645381E-38  0.495498E-15  0.115161E-15  0.928646E-20  0.193559E-17  0.260909E-15  0.159985E-17  0.235194E-15  0.197785E-15  0.142293E-15  0.911786E-15  0.409586E-15  0.200549E-14  0.106245E-13  0.134121E-12  0.287387E-14  0.105482E-12
          96   920.825       15.5211      0.289109E-15  0.169977E-13  0.186762E-13  0.113136E-15  0.650528E-17  0.238049E-15  0.295867E-15  0.356506E-15  0.354977E-15  0.326570E-15  0.348883E-15  0.359070E-15  0.234935E-15  0.130749E-15  0.105408E-14  0.510402E-14  0.147181E-13  0.165288E-13  0.563263E-14  0.544626E-14  0.434142E-14  0.203328E-13  0.512543E-14  0.575205E-13  0.752239E-15  0.381615E-14  0.177996E-12  0.147299E-12  0.629589E-38  0.501681E-15  0.118017E-15  0.906082E-20  0.188823E-17  0.258376E-15  0.156086E-17  0.232919E-15  0.195659E-15  0.140661E-15  0.909567E-15  0.409129E-15  0.198011E-14  0.105973E-13  0.135803E-12  0.298067E-14  0.110027E-12
          97   940.313       15.7802      0.292414E-15  0.176287E-13  0.197528E-13  0.114908E-15  0.636526E-17  0.239108E-15  0.289450E-15  0.348748E-15  0.347216E-15  0.319465E-15  0.341350E-15  0.351378E-15  0.229971E-15  0.128020E-15  0.106025E-14  0.513523E-14  0.147727E-13  0.166070E-13  0.567030E-14  0.547762E-14  0.436638E-14  0.206002E-13  0.513959E-14  0.578805E-13  0.758503E-15  0.386898E-14  0.183745E-12  0.153682E-12  0.614317E-38  0.508059E-15  0.120918E-15  0.884255E-20  0.184244E-17  0.255827E-15  0.152315E-17  0.230630E-15  0.193523E-15  0.139026E-15  0.907274E-15  0.408590E-15  0.195480E-14  0.105683E-13  0.137463E-12  0.308959E-14  0.114677E-12
          98   960.004       16.0421      0.295728E-15  0.182662E-13  0.208637E-13  0.116683E-15  0.622893E-17  0.240098E-15  0.283204E-15  0.341199E-15  0.339665E-15  0.312551E-15  0.334016E-15  0.343885E-15  0.225132E-15  0.125358E-15  0.106606E-14  0.516470E-14  0.148229E-13  0.166788E-13  0.570599E-14  0.550723E-14  0.439015E-14  0.208619E-13  0.515203E-14  0.582166E-13  0.764469E-15  0.392036E-14  0.189542E-12  0.160198E-12  0.599543E-38  0.514638E-15  0.123865E-15  0.863131E-20  0.179814E-17  0.253264E-15  0.148666E-17  0.228329E-15  0.191379E-15  0.137388E-15  0.904914E-15  0.407972E-15  0.192959E-14  0.105378E-13  0.139103E-12  0.320060E-14  0.119433E-12
          99   979.900       16.3066      0.299051E-15  0.189098E-13  0.220087E-13  0.118463E-15  0.609618E-17  0.241018E-15  0.277124E-15  0.333851E-15  0.332317E-15  0.305821E-15  0.326875E-15  0.336586E-15  0.220415E-15  0.122762E-15  0.107154E-14  0.519246E-14  0.148688E-13  0.167444E-13  0.573975E-14  0.553514E-14  0.441277E-14  0.211180E-13  0.516281E-14  0.585294E-13  0.770141E-15  0.397029E-14  0.195385E-12  0.166847E-12  0.585247E-38  0.521419E-15  0.126859E-15  0.842683E-20  0.175527E-17  0.250692E-15  0.145134E-17  0.226019E-15  0.189229E-15  0.135750E-15  0.902491E-15  0.407277E-15  0.190447E-14  0.105057E-13  0.140722E-12  0.331369E-14  0.124294E-12
         100   1000.00       16.5738      0.302386E-15  0.195591E-13  0.231878E-13  0.120247E-15  0.596689E-17  0.241869E-15  0.271205E-15  0.326699E-15  0.325166E-15  0.299269E-15  0.319921E-15  0.329476E-15  0.215816E-15  0.120230E-15  0.107668E-14  0.521853E-14  0.149104E-13  0.168038E-13  0.577160E-14  0.556139E-14  0.443428E-14  0.213683E-13  0.517198E-14  0.588193E-13  0.775522E-15  0.401879E-14  0.201271E-12  0.173628E-12  0.571407E-38  0.528405E-15  0.129899E-15  0.822881E-20  0.171377E-17  0.248111E-15  0.141715E-17  0.223701E-15  0.187075E-15  0.134113E-15  0.900010E-15  0.406506E-15  0.187948E-14  0.104722E-13  0.142320E-12  0.342885E-14  0.129260E-12


